-- phpMyAdmin SQL Dump
-- version 4.8.4
-- https://www.phpmyadmin.net/
--
-- Host: 127.0.0.1:3306
-- Generation Time: Mar 23, 2019 at 02:19 AM
-- Server version: 5.7.24
-- PHP Version: 7.2.14

SET SQL_MODE = "NO_AUTO_VALUE_ON_ZERO";
SET AUTOCOMMIT = 0;
START TRANSACTION;
SET time_zone = "+00:00";


/*!40101 SET @OLD_CHARACTER_SET_CLIENT=@@CHARACTER_SET_CLIENT */;
/*!40101 SET @OLD_CHARACTER_SET_RESULTS=@@CHARACTER_SET_RESULTS */;
/*!40101 SET @OLD_COLLATION_CONNECTION=@@COLLATION_CONNECTION */;
/*!40101 SET NAMES utf8mb4 */;

--
-- Database: `homestead`
--

-- --------------------------------------------------------

--
-- Table structure for table `academic_years`
--

DROP TABLE IF EXISTS `academic_years`;
CREATE TABLE IF NOT EXISTS `academic_years` (
  `id` bigint(20) UNSIGNED NOT NULL AUTO_INCREMENT,
  `academic_year` varchar(191) COLLATE utf8mb4_unicode_ci NOT NULL,
  `starts_at` int(11) NOT NULL,
  `ends_at` int(11) NOT NULL,
  `status` int(11) NOT NULL,
  `deleted_at` timestamp NULL DEFAULT NULL,
  `created_at` timestamp NULL DEFAULT NULL,
  `updated_at` timestamp NULL DEFAULT NULL,
  PRIMARY KEY (`id`)
) ENGINE=MyISAM AUTO_INCREMENT=3 DEFAULT CHARSET=utf8mb4 COLLATE=utf8mb4_unicode_ci;

--
-- Dumping data for table `academic_years`
--

INSERT INTO `academic_years` (`id`, `academic_year`, `starts_at`, `ends_at`, `status`, `deleted_at`, `created_at`, `updated_at`) VALUES
(1, '2018 - 2019', 2018, 2019, 1, NULL, '2019-03-10 02:02:43', '2019-03-21 17:59:33'),
(2, '2019 - 2020', 2019, 2020, 0, NULL, '2019-03-21 17:59:09', '2019-03-21 17:59:33');

-- --------------------------------------------------------

--
-- Table structure for table `available_times`
--

DROP TABLE IF EXISTS `available_times`;
CREATE TABLE IF NOT EXISTS `available_times` (
  `id` int(10) UNSIGNED NOT NULL AUTO_INCREMENT,
  `teacher_id` int(11) NOT NULL,
  `available_day` int(11) NOT NULL,
  `time_start` int(11) NOT NULL,
  `time_finish` int(11) NOT NULL,
  `deleted_at` timestamp NULL DEFAULT NULL,
  `created_at` timestamp NULL DEFAULT NULL,
  `updated_at` timestamp NULL DEFAULT NULL,
  PRIMARY KEY (`id`)
) ENGINE=MyISAM AUTO_INCREMENT=259 DEFAULT CHARSET=utf8mb4 COLLATE=utf8mb4_unicode_ci;

--
-- Dumping data for table `available_times`
--

INSERT INTO `available_times` (`id`, `teacher_id`, `available_day`, `time_start`, `time_finish`, `deleted_at`, `created_at`, `updated_at`) VALUES
(1, 1, 1, 800, 2000, NULL, '2019-03-10 02:11:51', '2019-03-10 02:11:51'),
(2, 1, 2, 800, 2000, NULL, '2019-03-10 02:11:51', '2019-03-10 02:11:51'),
(3, 1, 3, 800, 2000, NULL, '2019-03-10 02:11:51', '2019-03-10 02:11:51'),
(4, 1, 4, 800, 2000, NULL, '2019-03-10 02:11:51', '2019-03-10 02:11:51'),
(5, 1, 5, 800, 2000, NULL, '2019-03-10 02:11:51', '2019-03-10 02:11:51'),
(6, 1, 6, 800, 2000, NULL, '2019-03-10 02:11:51', '2019-03-10 02:11:51'),
(7, 2, 1, 800, 2000, NULL, '2019-03-10 02:11:51', '2019-03-10 02:11:51'),
(8, 2, 2, 800, 2000, NULL, '2019-03-10 02:11:51', '2019-03-10 02:11:51'),
(9, 2, 3, 800, 2000, NULL, '2019-03-10 02:11:51', '2019-03-10 02:11:51'),
(10, 2, 4, 800, 2000, NULL, '2019-03-10 02:11:51', '2019-03-10 02:11:51'),
(11, 2, 5, 800, 2000, NULL, '2019-03-10 02:11:51', '2019-03-10 02:11:51'),
(12, 2, 6, 800, 2000, NULL, '2019-03-10 02:11:51', '2019-03-10 02:11:51'),
(13, 4, 1, 800, 2000, NULL, '2019-03-10 02:11:51', '2019-03-10 02:11:51'),
(14, 4, 2, 800, 2000, NULL, '2019-03-10 02:11:51', '2019-03-10 02:11:51'),
(15, 4, 3, 800, 2000, NULL, '2019-03-10 02:11:51', '2019-03-10 02:11:51'),
(16, 4, 4, 800, 2000, NULL, '2019-03-10 02:11:51', '2019-03-10 02:11:51'),
(17, 4, 5, 800, 2000, NULL, '2019-03-10 02:11:51', '2019-03-10 02:11:51'),
(18, 4, 6, 800, 2000, NULL, '2019-03-10 02:11:51', '2019-03-10 02:11:51'),
(19, 3, 1, 800, 2000, NULL, '2019-03-10 02:11:51', '2019-03-10 02:11:51'),
(20, 3, 2, 800, 2000, NULL, '2019-03-10 02:11:51', '2019-03-10 02:11:51'),
(21, 3, 3, 800, 2000, NULL, '2019-03-10 02:11:51', '2019-03-10 02:11:51'),
(22, 3, 4, 800, 2000, NULL, '2019-03-10 02:11:51', '2019-03-10 02:11:51'),
(23, 3, 5, 800, 2000, NULL, '2019-03-10 02:11:51', '2019-03-10 02:11:51'),
(24, 3, 6, 800, 2000, NULL, '2019-03-10 02:11:51', '2019-03-10 02:11:51'),
(25, 5, 1, 800, 2000, NULL, '2019-03-10 02:11:51', '2019-03-10 02:11:51'),
(26, 5, 2, 800, 2000, NULL, '2019-03-10 02:11:51', '2019-03-10 02:11:51'),
(27, 5, 3, 800, 2000, NULL, '2019-03-10 02:11:51', '2019-03-10 02:11:51'),
(28, 5, 4, 800, 2000, NULL, '2019-03-10 02:11:51', '2019-03-10 02:11:51'),
(29, 5, 5, 800, 2000, NULL, '2019-03-10 02:11:51', '2019-03-10 02:11:51'),
(30, 5, 6, 800, 2000, NULL, '2019-03-10 02:11:51', '2019-03-10 02:11:51'),
(31, 6, 1, 800, 2000, NULL, '2019-03-10 02:11:51', '2019-03-10 02:11:51'),
(32, 6, 2, 800, 2000, NULL, '2019-03-10 02:11:51', '2019-03-10 02:11:51'),
(33, 6, 3, 800, 2000, NULL, '2019-03-10 02:11:51', '2019-03-10 02:11:51'),
(34, 6, 4, 800, 2000, NULL, '2019-03-10 02:11:51', '2019-03-10 02:11:51'),
(35, 6, 5, 800, 2000, NULL, '2019-03-10 02:11:51', '2019-03-10 02:11:51'),
(36, 6, 6, 800, 2000, NULL, '2019-03-10 02:11:51', '2019-03-10 02:11:51'),
(37, 7, 1, 800, 2000, NULL, '2019-03-10 02:11:51', '2019-03-10 02:11:51'),
(38, 7, 2, 800, 2000, NULL, '2019-03-10 02:11:51', '2019-03-10 02:11:51'),
(39, 7, 3, 800, 2000, NULL, '2019-03-10 02:11:51', '2019-03-10 02:11:51'),
(40, 7, 4, 800, 2000, NULL, '2019-03-10 02:11:51', '2019-03-10 02:11:51'),
(41, 7, 5, 800, 2000, NULL, '2019-03-10 02:11:51', '2019-03-10 02:11:51'),
(42, 7, 6, 800, 2000, NULL, '2019-03-10 02:11:51', '2019-03-10 02:11:51'),
(43, 8, 1, 800, 2000, NULL, '2019-03-10 02:11:51', '2019-03-10 02:11:51'),
(44, 8, 2, 800, 2000, NULL, '2019-03-10 02:11:51', '2019-03-10 02:11:51'),
(45, 8, 3, 800, 2000, NULL, '2019-03-10 02:11:51', '2019-03-10 02:11:51'),
(46, 8, 4, 800, 2000, NULL, '2019-03-10 02:11:51', '2019-03-10 02:11:51'),
(47, 8, 5, 800, 2000, NULL, '2019-03-10 02:11:51', '2019-03-10 02:11:51'),
(48, 8, 6, 800, 2000, NULL, '2019-03-10 02:11:51', '2019-03-10 02:11:51'),
(49, 9, 1, 800, 2000, NULL, '2019-03-10 02:11:51', '2019-03-10 02:11:51'),
(50, 9, 2, 800, 2000, NULL, '2019-03-10 02:11:51', '2019-03-10 02:11:51'),
(51, 9, 3, 800, 2000, NULL, '2019-03-10 02:11:51', '2019-03-10 02:11:51'),
(52, 9, 4, 800, 2000, NULL, '2019-03-10 02:11:51', '2019-03-10 02:11:51'),
(53, 9, 5, 800, 2000, NULL, '2019-03-10 02:11:51', '2019-03-10 02:11:51'),
(54, 9, 6, 800, 2000, NULL, '2019-03-10 02:11:51', '2019-03-10 02:11:51'),
(55, 10, 1, 800, 2000, NULL, '2019-03-10 02:11:51', '2019-03-10 02:11:51'),
(56, 10, 2, 800, 2000, NULL, '2019-03-10 02:11:51', '2019-03-10 02:11:51'),
(57, 10, 3, 800, 2000, NULL, '2019-03-10 02:11:51', '2019-03-10 02:11:51'),
(58, 10, 4, 800, 2000, NULL, '2019-03-10 02:11:51', '2019-03-10 02:11:51'),
(59, 10, 5, 800, 2000, NULL, '2019-03-10 02:11:51', '2019-03-10 02:11:51'),
(60, 10, 6, 800, 2000, NULL, '2019-03-10 02:11:51', '2019-03-10 02:11:51'),
(61, 11, 1, 800, 2000, NULL, '2019-03-10 02:11:51', '2019-03-10 02:11:51'),
(62, 11, 2, 800, 2000, NULL, '2019-03-10 02:11:51', '2019-03-10 02:11:51'),
(63, 11, 3, 800, 2000, NULL, '2019-03-10 02:11:51', '2019-03-10 02:11:51'),
(64, 11, 4, 800, 2000, NULL, '2019-03-10 02:11:51', '2019-03-10 02:11:51'),
(65, 11, 5, 800, 2000, NULL, '2019-03-10 02:11:51', '2019-03-10 02:11:51'),
(66, 11, 6, 800, 2000, NULL, '2019-03-10 02:11:51', '2019-03-10 02:11:51'),
(67, 12, 1, 800, 2000, NULL, '2019-03-10 02:11:51', '2019-03-10 02:11:51'),
(68, 12, 2, 800, 2000, NULL, '2019-03-10 02:11:51', '2019-03-10 02:11:51'),
(69, 12, 3, 800, 2000, NULL, '2019-03-10 02:11:51', '2019-03-10 02:11:51'),
(70, 12, 4, 800, 2000, NULL, '2019-03-10 02:11:51', '2019-03-10 02:11:51'),
(71, 12, 5, 800, 2000, NULL, '2019-03-10 02:11:51', '2019-03-10 02:11:51'),
(72, 12, 6, 800, 2000, NULL, '2019-03-10 02:11:51', '2019-03-10 02:11:51'),
(73, 13, 1, 800, 2000, NULL, '2019-03-10 02:11:51', '2019-03-10 02:11:51'),
(74, 13, 2, 800, 2000, NULL, '2019-03-10 02:11:51', '2019-03-10 02:11:51'),
(75, 13, 3, 800, 2000, NULL, '2019-03-10 02:11:51', '2019-03-10 02:11:51'),
(76, 13, 4, 800, 2000, NULL, '2019-03-10 02:11:51', '2019-03-10 02:11:51'),
(77, 13, 5, 800, 2000, NULL, '2019-03-10 02:11:51', '2019-03-10 02:11:51'),
(78, 13, 6, 800, 2000, NULL, '2019-03-10 02:11:51', '2019-03-10 02:11:51'),
(79, 14, 1, 800, 2000, NULL, '2019-03-10 02:11:51', '2019-03-10 02:11:51'),
(80, 14, 2, 800, 2000, NULL, '2019-03-10 02:11:51', '2019-03-10 02:11:51'),
(81, 14, 3, 800, 2000, NULL, '2019-03-10 02:11:51', '2019-03-10 02:11:51'),
(82, 14, 4, 800, 2000, NULL, '2019-03-10 02:11:51', '2019-03-10 02:11:51'),
(83, 14, 5, 800, 2000, NULL, '2019-03-10 02:11:51', '2019-03-10 02:11:51'),
(84, 14, 6, 800, 2000, NULL, '2019-03-10 02:11:51', '2019-03-10 02:11:51'),
(85, 15, 1, 800, 2000, NULL, '2019-03-10 02:11:51', '2019-03-10 02:11:51'),
(86, 15, 2, 800, 2000, NULL, '2019-03-10 02:11:51', '2019-03-10 02:11:51'),
(87, 15, 3, 800, 2000, NULL, '2019-03-10 02:11:51', '2019-03-10 02:11:51'),
(88, 15, 4, 800, 2000, NULL, '2019-03-10 02:11:51', '2019-03-10 02:11:51'),
(89, 15, 5, 800, 2000, NULL, '2019-03-10 02:11:51', '2019-03-10 02:11:51'),
(90, 15, 6, 800, 2000, NULL, '2019-03-10 02:11:51', '2019-03-10 02:11:51'),
(91, 16, 1, 800, 2000, NULL, '2019-03-10 02:11:51', '2019-03-10 02:11:51'),
(92, 16, 2, 800, 2000, NULL, '2019-03-10 02:11:51', '2019-03-10 02:11:51'),
(93, 16, 3, 800, 2000, NULL, '2019-03-10 02:11:51', '2019-03-10 02:11:51'),
(94, 16, 4, 800, 2000, NULL, '2019-03-10 02:11:51', '2019-03-10 02:11:51'),
(95, 16, 5, 800, 2000, NULL, '2019-03-10 02:11:51', '2019-03-10 02:11:51'),
(96, 16, 6, 800, 2000, NULL, '2019-03-10 02:11:51', '2019-03-10 02:11:51'),
(97, 17, 1, 800, 2000, NULL, '2019-03-10 02:11:51', '2019-03-10 02:11:51'),
(98, 17, 2, 800, 2000, NULL, '2019-03-10 02:11:51', '2019-03-10 02:11:51'),
(99, 17, 3, 800, 2000, NULL, '2019-03-10 02:11:51', '2019-03-10 02:11:51'),
(100, 17, 4, 800, 2000, NULL, '2019-03-10 02:11:51', '2019-03-10 02:11:51'),
(101, 17, 5, 800, 2000, NULL, '2019-03-10 02:11:51', '2019-03-10 02:11:51'),
(102, 17, 6, 800, 2000, NULL, '2019-03-10 02:11:51', '2019-03-10 02:11:51'),
(103, 18, 1, 800, 2000, NULL, '2019-03-10 02:11:51', '2019-03-10 02:11:51'),
(104, 18, 2, 800, 2000, NULL, '2019-03-10 02:11:51', '2019-03-10 02:11:51'),
(105, 18, 3, 800, 2000, NULL, '2019-03-10 02:11:51', '2019-03-10 02:11:51'),
(106, 18, 4, 800, 2000, NULL, '2019-03-10 02:11:51', '2019-03-10 02:11:51'),
(107, 18, 5, 800, 2000, NULL, '2019-03-10 02:11:51', '2019-03-10 02:11:51'),
(108, 18, 6, 800, 2000, NULL, '2019-03-10 02:11:51', '2019-03-10 02:11:51'),
(109, 19, 1, 800, 2000, NULL, '2019-03-10 02:11:51', '2019-03-10 02:11:51'),
(110, 19, 2, 800, 2000, NULL, '2019-03-10 02:11:51', '2019-03-10 02:11:51'),
(111, 19, 3, 800, 2000, NULL, '2019-03-10 02:11:51', '2019-03-10 02:11:51'),
(112, 19, 4, 800, 2000, NULL, '2019-03-10 02:11:51', '2019-03-10 02:11:51'),
(113, 19, 5, 800, 2000, NULL, '2019-03-10 02:11:51', '2019-03-10 02:11:51'),
(114, 19, 6, 800, 2000, NULL, '2019-03-10 02:11:51', '2019-03-10 02:11:51'),
(115, 20, 1, 800, 2000, NULL, '2019-03-10 02:11:51', '2019-03-10 02:11:51'),
(116, 20, 2, 800, 2000, NULL, '2019-03-10 02:11:51', '2019-03-10 02:11:51'),
(117, 20, 3, 800, 2000, NULL, '2019-03-10 02:11:51', '2019-03-10 02:11:51'),
(118, 20, 4, 800, 2000, NULL, '2019-03-10 02:11:51', '2019-03-10 02:11:51'),
(119, 20, 5, 800, 2000, NULL, '2019-03-10 02:11:51', '2019-03-10 02:11:51'),
(120, 20, 6, 800, 2000, NULL, '2019-03-10 02:11:51', '2019-03-10 02:11:51'),
(121, 21, 1, 800, 2000, NULL, '2019-03-10 02:11:51', '2019-03-10 02:11:51'),
(122, 21, 2, 800, 2000, NULL, '2019-03-10 02:11:51', '2019-03-10 02:11:51'),
(123, 21, 3, 800, 2000, NULL, '2019-03-10 02:11:51', '2019-03-10 02:11:51'),
(124, 21, 4, 800, 2000, NULL, '2019-03-10 02:11:51', '2019-03-10 02:11:51'),
(125, 21, 5, 800, 2000, NULL, '2019-03-10 02:11:51', '2019-03-10 02:11:51'),
(126, 21, 6, 800, 2000, NULL, '2019-03-10 02:11:51', '2019-03-10 02:11:51'),
(127, 22, 1, 800, 2000, NULL, '2019-03-10 02:11:51', '2019-03-10 02:11:51'),
(128, 22, 2, 800, 2000, NULL, '2019-03-10 02:11:51', '2019-03-10 02:11:51'),
(129, 22, 3, 800, 2000, NULL, '2019-03-10 02:11:51', '2019-03-10 02:11:51'),
(130, 22, 4, 800, 2000, NULL, '2019-03-10 02:11:51', '2019-03-10 02:11:51'),
(131, 22, 5, 800, 2000, NULL, '2019-03-10 02:11:51', '2019-03-10 02:11:51'),
(132, 22, 6, 800, 2000, NULL, '2019-03-10 02:11:51', '2019-03-10 02:11:51'),
(133, 23, 1, 800, 2000, NULL, '2019-03-10 02:11:51', '2019-03-10 02:11:51'),
(134, 23, 2, 800, 2000, NULL, '2019-03-10 02:11:51', '2019-03-10 02:11:51'),
(135, 23, 3, 800, 2000, NULL, '2019-03-10 02:11:51', '2019-03-10 02:11:51'),
(136, 23, 4, 800, 2000, NULL, '2019-03-10 02:11:51', '2019-03-10 02:11:51'),
(137, 23, 5, 800, 2000, NULL, '2019-03-10 02:11:51', '2019-03-10 02:11:51'),
(138, 23, 6, 800, 2000, NULL, '2019-03-10 02:11:51', '2019-03-10 02:11:51'),
(139, 24, 1, 800, 2000, NULL, '2019-03-10 02:11:51', '2019-03-10 02:11:51'),
(140, 24, 2, 800, 2000, NULL, '2019-03-10 02:11:51', '2019-03-10 02:11:51'),
(141, 24, 3, 800, 2000, NULL, '2019-03-10 02:11:51', '2019-03-10 02:11:51'),
(142, 24, 4, 800, 2000, NULL, '2019-03-10 02:11:51', '2019-03-10 02:11:51'),
(143, 24, 5, 800, 2000, NULL, '2019-03-10 02:11:51', '2019-03-10 02:11:51'),
(144, 24, 6, 800, 2000, NULL, '2019-03-10 02:11:51', '2019-03-10 02:11:51'),
(145, 25, 1, 800, 2000, NULL, '2019-03-10 02:11:51', '2019-03-10 02:11:51'),
(146, 25, 2, 800, 2000, NULL, '2019-03-10 02:11:51', '2019-03-10 02:11:51'),
(147, 25, 3, 800, 2000, NULL, '2019-03-10 02:11:51', '2019-03-10 02:11:51'),
(148, 25, 4, 800, 2000, NULL, '2019-03-10 02:11:51', '2019-03-10 02:11:51'),
(149, 25, 5, 800, 2000, NULL, '2019-03-10 02:11:51', '2019-03-10 02:11:51'),
(150, 25, 6, 800, 2000, NULL, '2019-03-10 02:11:51', '2019-03-10 02:11:51'),
(151, 26, 1, 800, 2000, NULL, '2019-03-10 02:11:51', '2019-03-10 02:11:51'),
(152, 26, 2, 800, 2000, NULL, '2019-03-10 02:11:51', '2019-03-10 02:11:51'),
(153, 26, 3, 800, 2000, NULL, '2019-03-10 02:11:51', '2019-03-10 02:11:51'),
(154, 26, 4, 800, 2000, NULL, '2019-03-10 02:11:51', '2019-03-10 02:11:51'),
(155, 26, 5, 800, 2000, NULL, '2019-03-10 02:11:51', '2019-03-10 02:11:51'),
(156, 26, 6, 800, 2000, NULL, '2019-03-10 02:11:51', '2019-03-10 02:11:51'),
(157, 27, 1, 800, 2000, NULL, '2019-03-10 02:11:51', '2019-03-10 02:11:51'),
(158, 27, 2, 800, 2000, NULL, '2019-03-10 02:11:51', '2019-03-10 02:11:51'),
(159, 27, 3, 800, 2000, NULL, '2019-03-10 02:11:51', '2019-03-10 02:11:51'),
(160, 27, 4, 800, 2000, NULL, '2019-03-10 02:11:51', '2019-03-10 02:11:51'),
(161, 27, 5, 800, 2000, NULL, '2019-03-10 02:11:51', '2019-03-10 02:11:51'),
(162, 27, 6, 800, 2000, NULL, '2019-03-10 02:11:51', '2019-03-10 02:11:51'),
(163, 28, 1, 800, 2000, NULL, '2019-03-10 02:11:51', '2019-03-10 02:11:51'),
(164, 28, 2, 800, 2000, NULL, '2019-03-10 02:11:51', '2019-03-10 02:11:51'),
(165, 28, 3, 800, 2000, NULL, '2019-03-10 02:11:51', '2019-03-10 02:11:51'),
(166, 28, 4, 800, 2000, NULL, '2019-03-10 02:11:51', '2019-03-10 02:11:51'),
(167, 28, 5, 800, 2000, NULL, '2019-03-10 02:11:51', '2019-03-10 02:11:51'),
(168, 28, 6, 800, 2000, NULL, '2019-03-10 02:11:51', '2019-03-10 02:11:51'),
(169, 29, 1, 800, 2000, NULL, '2019-03-10 02:11:51', '2019-03-10 02:11:51'),
(170, 29, 2, 800, 2000, NULL, '2019-03-10 02:11:51', '2019-03-10 02:11:51'),
(171, 29, 3, 800, 2000, NULL, '2019-03-10 02:11:51', '2019-03-10 02:11:51'),
(172, 29, 4, 800, 2000, NULL, '2019-03-10 02:11:51', '2019-03-10 02:11:51'),
(173, 29, 5, 800, 2000, NULL, '2019-03-10 02:11:51', '2019-03-10 02:11:51'),
(174, 29, 6, 800, 2000, NULL, '2019-03-10 02:11:51', '2019-03-10 02:11:51'),
(175, 30, 1, 800, 2000, NULL, '2019-03-10 02:11:51', '2019-03-10 02:11:51'),
(176, 30, 2, 800, 2000, NULL, '2019-03-10 02:11:51', '2019-03-10 02:11:51'),
(177, 30, 3, 800, 2000, NULL, '2019-03-10 02:11:51', '2019-03-10 02:11:51'),
(178, 30, 4, 800, 2000, NULL, '2019-03-10 02:11:51', '2019-03-10 02:11:51'),
(179, 30, 5, 800, 2000, NULL, '2019-03-10 02:11:51', '2019-03-10 02:11:51'),
(180, 30, 6, 800, 2000, NULL, '2019-03-10 02:11:51', '2019-03-10 02:11:51'),
(181, 31, 1, 800, 2000, NULL, '2019-03-10 16:27:36', '2019-03-10 16:27:36'),
(182, 31, 2, 800, 2000, NULL, '2019-03-10 16:27:36', '2019-03-10 16:27:36'),
(183, 31, 3, 800, 2000, NULL, '2019-03-10 16:27:36', '2019-03-10 16:27:36'),
(184, 31, 4, 800, 2000, NULL, '2019-03-10 16:27:36', '2019-03-10 16:27:36'),
(185, 31, 5, 800, 2000, NULL, '2019-03-10 16:27:36', '2019-03-10 16:27:36'),
(186, 31, 6, 800, 2000, NULL, '2019-03-10 16:27:36', '2019-03-10 16:27:36'),
(187, 32, 1, 800, 2000, NULL, '2019-03-10 20:46:13', '2019-03-10 20:46:13'),
(188, 32, 2, 800, 2000, NULL, '2019-03-10 20:46:13', '2019-03-10 20:46:13'),
(189, 32, 3, 800, 2000, NULL, '2019-03-10 20:46:13', '2019-03-10 20:46:13'),
(190, 32, 4, 800, 2000, NULL, '2019-03-10 20:46:13', '2019-03-10 20:46:13'),
(191, 32, 5, 800, 2000, NULL, '2019-03-10 20:46:13', '2019-03-10 20:46:13'),
(192, 32, 6, 800, 2000, NULL, '2019-03-10 20:46:13', '2019-03-10 20:46:13'),
(193, 33, 1, 800, 2000, NULL, '2019-03-11 03:16:29', '2019-03-11 03:16:29'),
(194, 33, 2, 800, 2000, NULL, '2019-03-11 03:16:29', '2019-03-11 03:16:29'),
(195, 33, 3, 800, 2000, NULL, '2019-03-11 03:16:29', '2019-03-11 03:16:29'),
(196, 33, 4, 800, 2000, NULL, '2019-03-11 03:16:29', '2019-03-11 03:16:29'),
(197, 33, 5, 800, 2000, NULL, '2019-03-11 03:16:29', '2019-03-11 03:16:29'),
(198, 33, 6, 800, 2000, NULL, '2019-03-11 03:16:29', '2019-03-11 03:16:29'),
(199, 34, 1, 800, 2000, NULL, '2019-03-11 03:17:38', '2019-03-11 03:17:38'),
(200, 34, 2, 800, 2000, NULL, '2019-03-11 03:17:38', '2019-03-11 03:17:38'),
(201, 34, 3, 800, 2000, NULL, '2019-03-11 03:17:38', '2019-03-11 03:17:38'),
(202, 34, 4, 800, 2000, NULL, '2019-03-11 03:17:38', '2019-03-11 03:17:38'),
(203, 34, 5, 800, 2000, NULL, '2019-03-11 03:17:38', '2019-03-11 03:17:38'),
(204, 34, 6, 800, 2000, NULL, '2019-03-11 03:17:38', '2019-03-11 03:17:38'),
(205, 35, 1, 800, 2000, NULL, '2019-03-12 16:00:08', '2019-03-12 16:00:08'),
(206, 35, 2, 800, 2000, NULL, '2019-03-12 16:00:08', '2019-03-12 16:00:08'),
(207, 35, 3, 800, 2000, NULL, '2019-03-12 16:00:08', '2019-03-12 16:00:08'),
(208, 35, 4, 800, 2000, NULL, '2019-03-12 16:00:08', '2019-03-12 16:00:08'),
(209, 35, 5, 800, 2000, NULL, '2019-03-12 16:00:08', '2019-03-12 16:00:08'),
(210, 35, 6, 800, 2000, NULL, '2019-03-12 16:00:08', '2019-03-12 16:00:08'),
(211, 36, 1, 800, 2000, NULL, '2019-03-12 16:00:35', '2019-03-12 16:00:35'),
(212, 36, 2, 800, 2000, NULL, '2019-03-12 16:00:35', '2019-03-12 16:00:35'),
(213, 36, 3, 800, 2000, NULL, '2019-03-12 16:00:35', '2019-03-12 16:00:35'),
(214, 36, 4, 800, 2000, NULL, '2019-03-12 16:00:35', '2019-03-12 16:00:35'),
(215, 36, 5, 800, 2000, NULL, '2019-03-12 16:00:35', '2019-03-12 16:00:35'),
(216, 36, 6, 800, 2000, NULL, '2019-03-12 16:00:35', '2019-03-12 16:00:35'),
(217, 37, 1, 800, 2000, NULL, '2019-03-14 18:48:09', '2019-03-14 18:48:09'),
(218, 37, 2, 800, 2000, NULL, '2019-03-14 18:48:09', '2019-03-14 18:48:09'),
(219, 37, 3, 800, 2000, NULL, '2019-03-14 18:48:09', '2019-03-14 18:48:09'),
(220, 37, 4, 800, 2000, NULL, '2019-03-14 18:48:09', '2019-03-14 18:48:09'),
(221, 37, 5, 800, 2000, NULL, '2019-03-14 18:48:09', '2019-03-14 18:48:09'),
(222, 37, 6, 800, 2000, NULL, '2019-03-14 18:48:09', '2019-03-14 18:48:09'),
(223, 38, 1, 800, 2000, NULL, '2019-03-14 22:15:19', '2019-03-14 22:15:19'),
(224, 38, 2, 800, 2000, NULL, '2019-03-14 22:15:19', '2019-03-14 22:15:19'),
(225, 38, 3, 800, 2000, NULL, '2019-03-14 22:15:19', '2019-03-14 22:15:19'),
(226, 38, 4, 800, 2000, NULL, '2019-03-14 22:15:19', '2019-03-14 22:15:19'),
(227, 38, 5, 800, 2000, NULL, '2019-03-14 22:15:19', '2019-03-14 22:15:19'),
(228, 38, 6, 800, 2000, NULL, '2019-03-14 22:15:19', '2019-03-14 22:15:19'),
(229, 39, 1, 800, 2000, NULL, '2019-03-14 23:15:26', '2019-03-14 23:15:26'),
(230, 39, 2, 800, 2000, NULL, '2019-03-14 23:15:26', '2019-03-14 23:15:26'),
(231, 39, 3, 800, 2000, NULL, '2019-03-14 23:15:26', '2019-03-14 23:15:26'),
(232, 39, 4, 800, 2000, NULL, '2019-03-14 23:15:26', '2019-03-14 23:15:26'),
(233, 39, 5, 800, 2000, NULL, '2019-03-14 23:15:26', '2019-03-14 23:15:26'),
(234, 39, 6, 800, 2000, NULL, '2019-03-14 23:15:26', '2019-03-14 23:15:26'),
(235, 40, 1, 800, 2000, NULL, '2019-03-14 23:19:04', '2019-03-14 23:19:04'),
(236, 40, 2, 800, 2000, NULL, '2019-03-14 23:19:04', '2019-03-14 23:19:04'),
(237, 40, 3, 800, 2000, NULL, '2019-03-14 23:19:04', '2019-03-14 23:19:04'),
(238, 40, 4, 800, 2000, NULL, '2019-03-14 23:19:04', '2019-03-14 23:19:04'),
(239, 40, 5, 800, 2000, NULL, '2019-03-14 23:19:04', '2019-03-14 23:19:04'),
(240, 40, 6, 800, 2000, NULL, '2019-03-14 23:19:04', '2019-03-14 23:19:04'),
(241, 41, 1, 800, 2000, NULL, '2019-03-15 03:16:38', '2019-03-15 03:16:38'),
(242, 41, 2, 800, 2000, NULL, '2019-03-15 03:16:38', '2019-03-15 03:16:38'),
(243, 41, 3, 800, 2000, NULL, '2019-03-15 03:16:38', '2019-03-15 03:16:38'),
(244, 41, 4, 800, 2000, NULL, '2019-03-15 03:16:38', '2019-03-15 03:16:38'),
(245, 41, 5, 800, 2000, NULL, '2019-03-15 03:16:38', '2019-03-15 03:16:38'),
(246, 41, 6, 800, 2000, NULL, '2019-03-15 03:16:38', '2019-03-15 03:16:38'),
(247, 42, 1, 800, 2000, NULL, '2019-03-15 03:22:00', '2019-03-15 03:22:00'),
(248, 42, 2, 800, 2000, NULL, '2019-03-15 03:22:00', '2019-03-15 03:22:00'),
(249, 42, 3, 800, 2000, NULL, '2019-03-15 03:22:00', '2019-03-15 03:22:00'),
(250, 42, 4, 800, 2000, NULL, '2019-03-15 03:22:00', '2019-03-15 03:22:00'),
(251, 42, 5, 800, 2000, NULL, '2019-03-15 03:22:00', '2019-03-15 03:22:00'),
(252, 42, 6, 800, 2000, NULL, '2019-03-15 03:22:00', '2019-03-15 03:22:00'),
(253, 43, 1, 800, 2000, NULL, '2019-03-15 04:11:44', '2019-03-15 04:11:44'),
(254, 43, 2, 800, 2000, NULL, '2019-03-15 04:11:44', '2019-03-15 04:11:44'),
(255, 43, 3, 800, 2000, NULL, '2019-03-15 04:11:44', '2019-03-15 04:11:44'),
(256, 43, 4, 800, 2000, NULL, '2019-03-15 04:11:44', '2019-03-15 04:11:44'),
(257, 43, 5, 800, 2000, NULL, '2019-03-15 04:11:44', '2019-03-15 04:11:44'),
(258, 43, 6, 800, 2000, NULL, '2019-03-15 04:11:44', '2019-03-15 04:11:44');

-- --------------------------------------------------------

--
-- Table structure for table `courses`
--

DROP TABLE IF EXISTS `courses`;
CREATE TABLE IF NOT EXISTS `courses` (
  `id` bigint(20) UNSIGNED NOT NULL AUTO_INCREMENT,
  `program_id` int(11) NOT NULL,
  `academic_year` varchar(191) COLLATE utf8mb4_unicode_ci NOT NULL,
  `semester` varchar(191) COLLATE utf8mb4_unicode_ci NOT NULL,
  `level` int(11) NOT NULL,
  `teacher` varchar(191) COLLATE utf8mb4_unicode_ci NOT NULL,
  `title` varchar(191) COLLATE utf8mb4_unicode_ci NOT NULL,
  `code` varchar(191) COLLATE utf8mb4_unicode_ci NOT NULL,
  `units` int(11) DEFAULT '1',
  `deleted_at` timestamp NULL DEFAULT NULL,
  `created_at` timestamp NULL DEFAULT NULL,
  `updated_at` timestamp NULL DEFAULT NULL,
  PRIMARY KEY (`id`)
) ENGINE=MyISAM AUTO_INCREMENT=197 DEFAULT CHARSET=utf8mb4 COLLATE=utf8mb4_unicode_ci;

--
-- Dumping data for table `courses`
--

INSERT INTO `courses` (`id`, `program_id`, `academic_year`, `semester`, `level`, `teacher`, `title`, `code`, `units`, `deleted_at`, `created_at`, `updated_at`) VALUES
(1, 2, '1', '2', 1, 'Richard Javier', 'Mathematics in the Modern World', 'GE 4', 3, NULL, '2019-03-09 18:12:03', '2019-03-09 18:12:03'),
(2, 2, '1', '2', 1, 'Marben Adova', 'The Contemporary World', 'GE 5', 3, NULL, '2019-03-09 18:12:03', '2019-03-09 18:12:03'),
(3, 2, '1', '2', 1, 'John Orbista', 'Art Appreciation', 'GE 6', 3, NULL, '2019-03-09 18:12:03', '2019-03-09 18:12:03'),
(4, 2, '1', '2', 1, 'John Orbista', 'Pagtuturo at Pagtataya sa Pagbasa at Pagsulat', 'Fil 1', 3, NULL, '2019-03-09 18:12:03', '2019-03-09 18:12:03'),
(5, 2, '1', '2', 1, 'Edyssa Belandres', 'Introduction to Broadcasting, Interactive and Emerging Media', 'Broad 2', 3, NULL, '2019-03-09 18:12:03', '2019-03-09 18:12:03'),
(6, 2, '1', '2', 1, 'Carolinne Laguinto', 'Communication & Media Theory', 'Broad 3', 3, NULL, '2019-03-09 18:12:03', '2019-03-09 18:12:03'),
(7, 2, '1', '2', 1, 'Kesiah Cruz', 'Rhythmic Activities', 'PE 2', 3, NULL, '2019-03-09 18:12:03', '2019-03-09 18:12:03'),
(8, 2, '1', '2', 1, 'Richard Javier', 'National Service Training Program 2', 'NSTP 2', 3, NULL, '2019-03-09 18:12:03', '2019-03-09 18:12:03'),
(9, 2, '1', '2', 1, 'Julito Varquez', 'Christian Teachings 2', 'CT 2', 2, NULL, '2019-03-09 18:12:03', '2019-03-09 18:12:03'),
(10, 1, '1', '2', 1, 'Romack Natividad', 'Computer Programming', 'CC 3', 3, NULL, '2019-03-09 18:12:27', '2019-03-09 18:12:27'),
(11, 1, '1', '2', 1, 'Richard Javier', 'Discrete Structures', 'GeElect 1', 3, NULL, '2019-03-09 18:12:27', '2019-03-09 18:12:27'),
(12, 1, '1', '2', 1, 'Romack Natividad', 'Information Management', 'CC 4', 3, NULL, '2019-03-09 18:12:27', '2019-03-09 18:12:27'),
(13, 1, '1', '2', 1, 'Sharene Labung', 'Christian Teachings 2', 'CT 2', 3, NULL, '2019-03-09 18:12:27', '2019-03-09 18:12:27'),
(14, 1, '1', '2', 1, 'Kesiah Cruz', 'Rythmic Activities', 'PE 2', 2, NULL, '2019-03-09 18:12:27', '2019-03-09 18:12:27'),
(15, 1, '1', '2', 1, 'Sharene Labung', 'Computer Hardware Fundamentals', 'ACT 2', 3, NULL, '2019-03-09 18:12:27', '2019-03-09 18:12:27'),
(16, 1, '1', '2', 1, 'Ammi Pineda', 'Purposive Communication', 'GE 4', 3, NULL, '2019-03-09 18:12:27', '2019-03-09 18:12:27'),
(17, 1, '1', '2', 1, 'Marben Adova', 'Readings in Philippine History', 'GE 3', 3, NULL, '2019-03-09 18:12:27', '2019-03-09 18:12:27'),
(18, 2, '1', '2', 3, 'Rey AustriaJr.', 'Business Math', 'Math 4', 3, NULL, '2019-03-09 18:25:11', '2019-03-09 18:25:11'),
(19, 2, '1', '2', 3, 'Edyssa Belandres', 'Introduction to TV Writing', 'Broad8', 3, NULL, '2019-03-09 18:25:11', '2019-03-09 18:25:11'),
(20, 2, '1', '2', 3, 'Joel Regino', 'Video Procedures and Operations', 'Broad9', 4, NULL, '2019-03-09 18:25:11', '2019-03-09 18:25:11'),
(21, 2, '1', '2', 3, 'VeraAisa Marin', 'Broadcast Law and Ethics', 'Broad10', 4, NULL, '2019-03-09 18:25:11', '2019-03-09 18:25:11'),
(22, 2, '1', '2', 3, 'Edyssa Belandres', 'TV Production and Direction', 'Broad11', 4, NULL, '2019-03-09 18:25:11', '2019-03-09 18:25:11'),
(23, 2, '1', '2', 3, 'Julito Varquez', 'World’s Major Religions', 'CL 6', 1, NULL, '2019-03-09 18:25:11', '2019-03-09 18:25:11'),
(24, 2, '1', '2', 4, 'John Orbista', 'Broadcast Research (Thesis Writing)', 'Thesis2', 3, NULL, '2019-03-09 18:33:32', '2019-03-09 18:33:32'),
(25, 2, '1', '2', 4, 'Carolinne Laguinto', 'Program Planning and Building', 'Broad13', 3, NULL, '2019-03-09 18:33:32', '2019-03-09 18:33:32'),
(26, 2, '1', '2', 4, 'Joel Regino', 'Video Post-Production', 'Elect5', 3, NULL, '2019-03-09 18:33:32', '2019-03-09 18:33:32'),
(27, 2, '1', '2', 4, 'Julito Varquez', 'Religious Cults and Practices', 'CL 8', 1, NULL, '2019-03-09 18:33:32', '2019-03-09 18:33:32'),
(28, 3, '1', '2', 5, 'Lamberto Bonifacio', 'Business Law', 'AC 124', 3, NULL, '2019-03-09 18:39:39', '2019-03-09 18:39:39'),
(29, 3, '1', '2', 5, 'Julito Varquez', 'Christian Teaching 10', 'CL10', 2, NULL, '2019-03-09 18:39:39', '2019-03-09 18:39:39'),
(30, 3, '1', '2', 5, 'Erlinda Mallari', 'Acc Integration, Taxation', 'AC 120a', 3, NULL, '2019-03-09 18:39:39', '2019-03-09 18:39:39'),
(31, 3, '1', '2', 5, 'Erlinda Mallari', 'Acc Integration, Financial Acounting', 'AC 120b', 3, NULL, '2019-03-09 18:39:39', '2019-03-09 18:39:39'),
(32, 3, '1', '2', 5, 'Ammi Pineda', 'Acc Integration, Management Acounting', 'AC 122', 3, NULL, '2019-03-09 18:39:39', '2019-03-09 18:39:39'),
(33, 3, '1', '2', 5, 'Eric Yumul', 'Acc Integration, Advanced Acounting', 'AC 121', 3, NULL, '2019-03-09 18:39:39', '2019-03-09 18:39:39'),
(34, 3, '1', '2', 5, 'Eric Yumul', 'Acc Integration, Auditing', 'AC 123', 3, NULL, '2019-03-09 18:39:39', '2019-03-09 18:39:39'),
(35, 4, '1', '2', 1, 'Ammi Pineda', 'Purposive Communication', 'GE 5', 3, NULL, '2019-03-09 18:58:47', '2019-03-09 18:58:47'),
(36, 4, '1', '2', 1, 'MaryAnn Cruz', 'Ethics', 'GE 6', 3, NULL, '2019-03-09 18:58:47', '2019-03-09 18:58:47'),
(37, 4, '1', '2', 1, 'John Orbista', 'Rizal’s Life, Works and Writings', 'RIZAL', 3, NULL, '2019-03-09 18:58:47', '2019-03-09 18:58:47'),
(38, 4, '1', '2', 1, 'Lamberto Bonifacio', 'Law on Obligation and Contracts', 'ObliCon', 3, NULL, '2019-03-09 18:58:47', '2019-03-09 18:58:47'),
(39, 4, '1', '2', 1, 'Erlinda Mallari', 'Partnership & Corporation Accounting', 'ParCor', 6, NULL, '2019-03-09 18:58:47', '2019-03-09 18:58:47'),
(40, 4, '1', '2', 1, 'Ammi Pineda', 'Conceptual Framework and Accounting Standards', 'CFAS', 3, NULL, '2019-03-09 18:58:47', '2019-03-09 18:58:47'),
(41, 4, '1', '2', 1, 'Richard Javier', 'National Service Training Program 2', 'NSTP 2', 3, NULL, '2019-03-09 18:58:47', '2019-03-09 18:58:47'),
(42, 4, '1', '2', 1, 'Kesiah Cruz', 'Rhythmic Activities', 'PE 2', 2, NULL, '2019-03-09 18:58:47', '2019-03-09 18:58:47'),
(43, 4, '1', '2', 1, 'Julito Varquez', 'Christian Teachings 2', 'CT 2', 2, NULL, '2019-03-09 18:58:47', '2019-03-09 18:58:47'),
(44, 5, '1', '2', 1, 'Marben Adova', 'The Contemporary World ', 'GE 5', 3, NULL, '2019-03-09 19:49:25', '2019-03-09 19:49:25'),
(45, 5, '1', '2', 1, 'John Orbista', 'Art Appreciation', 'GE 6', 3, NULL, '2019-03-09 19:49:25', '2019-03-09 19:49:25'),
(46, 5, '1', '2', 1, 'John Orbista', 'Pagtuturo at Pagtataya sa Pagbasa at Pagsulat', 'Fil 1', 3, NULL, '2019-03-09 19:49:25', '2019-03-09 19:49:25'),
(47, 5, '1', '2', 1, 'George deMesa', 'Philippine Social Realities and Social Welfare', 'SW 102', 3, NULL, '2019-03-09 19:49:25', '2019-03-09 19:49:25'),
(48, 5, '1', '2', 1, 'George deMesa', 'Fields of Social Work', 'SW 103', 3, NULL, '2019-03-09 19:49:25', '2019-03-09 19:49:25'),
(49, 5, '1', '2', 1, 'Marissa Donida', 'Filipino Personality and Social Work', 'SW 104', 3, NULL, '2019-03-09 19:49:25', '2019-03-09 19:49:25'),
(50, 5, '1', '2', 1, 'Kesiah Cruz', 'Rhythmic Activities', 'PE 2', 2, NULL, '2019-03-09 19:49:25', '2019-03-09 19:49:25'),
(51, 5, '1', '2', 1, 'Richard Javier', 'National Service Training Program 2', 'NSTP 2', 3, NULL, '2019-03-09 19:49:25', '2019-03-09 19:49:25'),
(52, 5, '1', '2', 1, 'Gilbert Fruel', 'Christian Teachings 2', 'CT 2', 2, NULL, '2019-03-09 19:49:25', '2019-03-09 19:49:25'),
(53, 5, '1', '2', 3, 'John Orbista', 'World Literature', 'LIT 2', 3, NULL, '2019-03-09 20:08:53', '2019-03-09 20:08:53'),
(54, 5, '1', '2', 3, 'John Orbista', 'Rizals Life and Works', 'RIZAL', 3, NULL, '2019-03-09 20:08:53', '2019-03-09 20:08:53'),
(55, 5, '1', '2', 3, 'Lamberto Bonifacio', 'Economics', 'ONOMICS', 3, NULL, '2019-03-09 20:08:53', '2019-03-09 20:08:53'),
(56, 5, '1', '2', 3, 'Julito Varquez', 'Christian Teachings 6', 'CL 6', 2, NULL, '2019-03-09 20:08:53', '2019-03-09 20:08:53'),
(57, 5, '1', '2', 3, 'Leah Campanilla', 'Social Work Research 2', 'SW 119', 3, NULL, '2019-03-09 20:08:53', '2019-03-09 20:08:53'),
(58, 5, '1', '2', 3, 'Raquel Umbalin', 'Social Welfare Project Development and Management', 'SW 116', 3, NULL, '2019-03-09 20:08:53', '2019-03-09 20:08:53'),
(59, 5, '1', '2', 3, 'Raquel Umbalin', 'Social Work Practice with Communities', 'SW 117', 3, NULL, '2019-03-09 20:08:53', '2019-03-09 20:08:53'),
(60, 5, '1', '2', 3, 'Raquel Umbalin', 'Social Work Community Education and Training', 'SW 118', 3, NULL, '2019-03-09 20:08:53', '2019-03-09 20:08:53'),
(61, 5, '1', '2', 4, 'Raquel Umbalin', 'Seminar on Current Trends in Social Work', 'SEMINAR', 3, NULL, '2019-03-09 20:19:38', '2019-03-09 20:19:38'),
(62, 6, '1', '2', 1, 'Gilbert Fruel', 'Funamentals of Shorthand 2', 'SHORTHAND', 3, NULL, '2019-03-09 20:21:03', '2019-03-09 20:21:03'),
(63, 6, '1', '2', 1, 'Richard Javier', 'National Service Training Program 2', 'NSTP 2', 1, NULL, '2019-03-09 20:21:03', '2019-03-09 20:21:03'),
(64, 6, '1', '2', 1, 'Albert Soriano', 'Records And File Management', 'RECORDS', 3, NULL, '2019-03-09 20:21:03', '2019-03-09 20:21:03'),
(65, 6, '1', '2', 1, 'Ammi Pineda', 'Business Writing', 'BUS WRITE', 3, NULL, '2019-03-09 20:21:03', '2019-03-09 20:21:03'),
(66, 6, '1', '2', 1, 'Rey AustriaJr.', 'Business Math', 'BUS MATH', 3, NULL, '2019-03-09 20:21:03', '2019-03-09 20:21:03'),
(67, 6, '1', '2', 1, 'Isaiah Martinez', 'Computer 2', 'COMPUTER', 3, NULL, '2019-03-09 20:21:03', '2019-03-09 20:21:03'),
(68, 6, '1', '2', 1, 'Kesiah Cruz', 'Rythmic Activities', 'PE 2', 2, NULL, '2019-03-09 20:21:03', '2019-03-09 20:21:03'),
(69, 7, '1', '2', 3, 'Ammi Pineda', 'Speech and Oral Communication', 'Eng 4', 3, NULL, '2019-03-10 02:23:47', '2019-03-10 02:23:47'),
(70, 7, '1', '2', 3, 'Albert Soriano', 'Math of Investment', 'Math 5', 3, NULL, '2019-03-10 02:23:47', '2019-03-10 02:23:47'),
(71, 7, '1', '2', 3, 'John Orbista', 'Rizal’s Life, Works and Writings', 'Hist 2', 3, NULL, '2019-03-10 02:23:47', '2019-03-10 02:23:47'),
(72, 7, '1', '2', 3, 'MaryAnn Cruz', 'Evaluation of Business Performance', 'MIS 104', 3, NULL, '2019-03-10 02:23:47', '2019-03-10 02:23:47'),
(73, 7, '1', '2', 3, 'Sharene Labung', 'Methods of Research', 'Research 1', 3, NULL, '2019-03-10 02:23:47', '2019-03-10 02:23:47'),
(74, 7, '1', '2', 3, 'Sharene Labung', 'IT Security and Risk Management', 'IS Elect 3', 3, NULL, '2019-03-10 02:23:47', '2019-03-10 02:23:47'),
(75, 7, '1', '2', 3, 'Jennifer Aguilar', 'Software Engineering', 'IS 109', 3, NULL, '2019-03-10 02:23:47', '2019-03-10 02:23:47'),
(76, 7, '1', '2', 3, 'Loyd Larazo', 'Mobile Applications Development', 'IS Elect 4', 3, NULL, '2019-03-10 02:23:47', '2019-03-10 02:23:47'),
(77, 7, '1', '2', 3, 'Sharene Labung', 'Christian Morality and Ethics', 'CL/VF 6', 2, NULL, '2019-03-10 02:23:47', '2019-03-10 02:23:47'),
(78, 7, '1', '2', 4, 'Romack Natividad', 'Capstone Project', 'CAPSTONE 2', 4, NULL, '2019-03-10 07:15:56', '2019-03-10 07:15:56'),
(79, 3, '1', '2', 4, 'Rosemarie Dimaranan', 'Accounting for Gov’t, Not-for-Profit Entities and Specialized Industries', 'AC 115', 3, NULL, '2019-03-10 07:55:15', '2019-03-10 07:55:15'),
(80, 3, '1', '2', 4, 'MaryAnn Cruz', 'Assurance Principles, Professional Ethics and Good Governance', 'AC 116', 3, NULL, '2019-03-10 07:55:15', '2019-03-10 07:55:15'),
(81, 3, '1', '2', 4, 'MaryAnn Cruz', 'Business Policy and Strategy', 'Mngt 121', 3, NULL, '2019-03-10 07:55:15', '2019-03-10 07:55:15'),
(82, 3, '1', '2', 4, 'Lamberto Bonifacio', 'Sales, Agency,  Labor and Other Commercial Laws', 'Mngt 122', 3, NULL, '2019-03-10 07:55:15', '2019-03-10 07:55:15'),
(83, 3, '1', '2', 4, 'JeanneMarie Kaikhan', 'Financial Management II', 'Mngt 123', 3, NULL, '2019-03-10 07:55:15', '2019-03-10 07:55:15'),
(84, 3, '1', '2', 4, 'Sharene Labung', 'Advanced Computer Application for Accountants', 'Comp 4', 3, NULL, '2019-03-10 07:55:15', '2019-03-10 07:55:15'),
(85, 3, '1', '2', 4, 'Christian Gutierrez', 'Foreign Language', 'Elect 1', 3, NULL, '2019-03-10 07:55:15', '2019-03-10 07:55:15'),
(86, 3, '1', '2', 4, 'Gilbert Fruel', 'Religious Cults and Practices', 'CL/VF 8', 2, NULL, '2019-03-10 07:55:15', '2019-03-10 07:55:15'),
(87, 7, '1', '2', 1, 'Marben Adova', 'Readings in Philippine History', 'GE 3', 3, NULL, '2019-03-10 08:28:03', '2019-03-10 08:28:03'),
(88, 7, '1', '2', 1, 'Ammi Pineda', 'Purposive Communication', 'GE 4', 3, NULL, '2019-03-10 08:28:03', '2019-03-10 08:28:03'),
(89, 7, '1', '2', 1, 'Romack Natividad', 'Computer Programming 2', 'CC 3', 3, NULL, '2019-03-10 08:28:03', '2019-03-10 08:28:03'),
(90, 7, '1', '2', 1, 'Romack Natividad', 'Information Management', 'CC 4', 3, NULL, '2019-03-10 08:28:03', '2019-03-10 08:28:03'),
(91, 7, '1', '2', 1, 'Pablo Buan', 'Professional Issues in Information Systems', 'IS 2', 3, NULL, '2019-03-10 08:28:03', '2019-03-10 08:28:03'),
(92, 7, '1', '2', 1, 'Richard Javier', 'Discrete Structures', 'PrElec 2', 3, NULL, '2019-03-10 08:28:03', '2019-03-10 08:28:03'),
(93, 7, '1', '2', 1, 'Richard Javier', 'National Service Training Program 2', 'NSTP 2', 3, NULL, '2019-03-10 08:28:03', '2019-03-10 08:28:03'),
(94, 7, '1', '2', 1, 'Kesiah Cruz', 'Rhythmic Activities', 'PE 2', 2, NULL, '2019-03-10 08:28:03', '2019-03-10 08:28:03'),
(95, 7, '1', '2', 1, 'Sharene Labung', 'Christian Teachings 2', 'CT 2', 2, NULL, '2019-03-10 08:28:03', '2019-03-10 08:28:03'),
(96, 8, '1', '2', 3, 'John Orbista', 'Philippine Literature/Panitikan ng Pilipinas', 'Lit 1', 3, NULL, '2019-03-10 09:19:14', '2019-03-10 09:19:14'),
(97, 8, '1', '2', 3, 'Lita Bueno', 'Introduction to Philosophy with Logic and Critical Thinking', 'Philo ', 3, NULL, '2019-03-10 09:19:14', '2019-03-10 09:19:14'),
(98, 8, '1', '2', 3, 'Sharene Labung', 'IT Concepts and Systems Analysis and Design', 'Comp 3', 3, NULL, '2019-03-10 09:19:14', '2019-03-10 09:19:14'),
(99, 8, '1', '2', 3, 'Richard Javier', 'Quantitative Techniques in Business', 'Mngt 117', 3, NULL, '2019-03-10 09:19:14', '2019-03-10 09:19:14'),
(100, 8, '1', '2', 3, 'MaryAnn Cruz', 'Production and Operations Management', 'Mngt 118', 3, NULL, '2019-03-10 09:19:14', '2019-03-10 09:19:14'),
(101, 8, '1', '2', 3, 'Erlinda Mallari', 'Management Accounting Part 1', 'ACT 109', 3, NULL, '2019-03-10 09:19:14', '2019-03-10 09:19:14'),
(102, 8, '1', '2', 3, 'Ammi Pineda', 'Advance Financial Accounting & Reporting Part 1', 'ACT 110', 3, NULL, '2019-03-10 09:19:14', '2019-03-10 09:19:14'),
(103, 8, '1', '2', 3, 'Erlinda Mallari', 'Business and Transfer Taxes', 'ACT 111', 3, NULL, '2019-03-10 09:19:14', '2019-03-10 09:19:14'),
(104, 8, '1', '2', 3, 'Julito Varquez', 'World’s Major Religions', 'CL 6', 2, NULL, '2019-03-10 09:19:14', '2019-03-10 09:19:14'),
(105, 8, '1', '2', 4, 'MaryAnn Cruz', 'Human Behavior in Organization', 'Mngt 121', 3, NULL, '2019-03-10 09:49:32', '2019-03-10 09:49:32'),
(106, 8, '1', '2', 4, 'Lamberto Bonifacio', 'Sales, Agency, labor and Other Commercial Laws', 'Mngt 122', 3, NULL, '2019-03-10 09:49:32', '2019-03-10 09:49:32'),
(107, 8, '1', '2', 4, 'MaryAnn Cruz', 'Business Policy and Strategy', 'Mngt 123', 3, NULL, '2019-03-10 09:49:32', '2019-03-10 09:49:32'),
(108, 8, '1', '2', 4, 'Sharene Labung', 'Advanced Computer Application for Accountants', 'Comp 4', 3, NULL, '2019-03-10 09:49:32', '2019-03-10 09:49:32'),
(109, 8, '1', '2', 4, 'Rosemarie Dimaranan', 'Accounting for Gov’t, Not-for-Profit Entities and Specialized Industries', 'ACT 115', 3, NULL, '2019-03-10 09:49:32', '2019-03-10 09:49:32'),
(110, 8, '1', '2', 4, 'Gilbert Fruel', 'Religious Cults and Practices', 'CL/VF 8', 2, NULL, '2019-03-10 09:49:32', '2019-03-10 09:49:32'),
(111, 1, '1', '1', 1, 'MaryAnn Cruz', 'Understanding the Self ', 'GE 1', 3, NULL, '2019-03-10 20:47:25', '2019-03-10 20:47:25'),
(112, 1, '1', '1', 1, 'Richard Javier', 'Mathematics in the Modern World', 'GE 2', 3, NULL, '2019-03-10 20:47:25', '2019-03-10 20:47:25'),
(113, 1, '1', '1', 1, 'John Orbista', 'Panitikan ng Pilipinas / Philippine Literature', 'Fil 1', 3, NULL, '2019-03-10 20:47:25', '2019-03-10 20:47:25'),
(114, 1, '1', '1', 1, 'Sharene Labung', 'Introduction to Computing', 'CC 1', 3, NULL, '2019-03-10 20:47:25', '2019-03-10 20:47:25'),
(115, 1, '1', '1', 1, 'Jerreck Navalta', 'Computer Programming 1', 'CC 2', 2, NULL, '2019-03-10 20:47:25', '2019-03-10 20:47:25'),
(116, 1, '1', '1', 1, 'Sharene Labung', 'Fundamentals of Information Systems', 'IS 1', 3, NULL, '2019-03-10 20:47:25', '2019-03-10 20:47:25'),
(117, 1, '1', '1', 1, 'Sharene Labung', 'Professional Skills in ICT', 'PrElec 1', 3, NULL, '2019-03-10 20:47:25', '2019-03-10 20:47:25'),
(118, 1, '1', '1', 1, 'Kesiah Cruz', 'Physical Fitness and Gymnastics', 'PE 1', 3, NULL, '2019-03-10 20:47:25', '2019-03-10 20:47:25'),
(119, 1, '1', '1', 1, 'Richard Javier', 'National Service Training Program 1', 'NSTP 1', 2, NULL, '2019-03-10 20:47:25', '2019-03-10 20:47:25'),
(120, 1, '1', '1', 1, 'Gilbert Fruel', 'Christian Teachings 1', 'CT 1', 2, NULL, '2019-03-10 20:47:25', '2019-03-10 20:47:25'),
(121, 2, '1', '1', 1, 'MaryAnn Cruz', 'Understanding the Self', 'GE1 ', 3, NULL, '2019-03-10 22:09:41', '2019-03-10 22:09:41'),
(122, 2, '1', '1', 1, 'Marben Adova', 'Reading in Philippine History', 'GE2', 3, NULL, '2019-03-10 22:09:41', '2019-03-10 22:09:41'),
(123, 2, '1', '1', 1, 'Ammi Pineda', 'Purposive Communication', 'GE3', 3, NULL, '2019-03-10 22:09:41', '2019-03-10 22:09:41'),
(124, 2, '1', '1', 1, 'John Orbista', 'Life and Works of Rizal', 'RIZAL', 3, NULL, '2019-03-10 22:09:41', '2019-03-10 22:09:41'),
(125, 2, '1', '1', 1, 'John Orbista', 'Panitikan ng Pilipinas / Philippine Literature', 'Lit 1', 3, NULL, '2019-03-10 22:09:41', '2019-03-10 22:09:41'),
(126, 2, '1', '1', 1, 'Carolinne Laguinto', 'Introduction to Communication and Media', 'Broad 1', 3, NULL, '2019-03-10 22:09:41', '2019-03-10 22:09:41'),
(127, 2, '1', '1', 1, 'Kesiah Cruz', 'Physical Fitness', 'PE 1', 2, NULL, '2019-03-10 22:09:41', '2019-03-10 22:09:41'),
(128, 2, '1', '1', 1, 'Richard Javier', 'National Service Training Program', 'NSTP 1', 3, NULL, '2019-03-10 22:09:41', '2019-03-10 22:09:41'),
(129, 2, '1', '1', 1, 'Gilbert Fruel', 'Christina Teachings 1', 'CT 1', -2, NULL, '2019-03-10 22:09:41', '2019-03-10 22:09:41'),
(130, 2, '1', '1', 4, 'PeterPaul Matola', 'Foreign Language', 'Language', 1, NULL, '2019-03-11 03:17:54', '2019-03-11 03:17:54'),
(131, 2, '1', '1', 4, 'Carolinne Laguinto', 'Development Broadcasting', 'DevBroad', 3, NULL, '2019-03-11 03:17:54', '2019-03-11 03:17:54'),
(132, 2, '1', '1', 4, 'Gilbert Fruel', 'Christian Morality and Ethics', 'CL7', 2, NULL, '2019-03-11 03:17:54', '2019-03-11 03:17:54'),
(133, 2, '1', '1', 4, 'Jennifer Sanidad', 'Production Design', 'ProdDesign', 4, NULL, '2019-03-11 04:00:45', '2019-03-11 04:00:45'),
(134, 2, '1', '1', 4, 'John Orbista', 'Broadcast Research', 'Thesis1', 4, NULL, '2019-03-11 04:01:06', '2019-03-11 04:01:06'),
(135, 3, '1', '1', 1, 'Marben Adova', 'The Contemporary World', 'GE 3', 3, NULL, '2019-03-14 18:51:08', '2019-03-14 18:51:08'),
(136, 3, '1', '1', 1, 'Ivy Garcia', 'Understanding the Self', 'GE 1', 3, NULL, '2019-03-14 18:51:08', '2019-03-14 18:51:08'),
(137, 3, '1', '1', 1, 'Richard Javier', 'Mathematics in the Modern World', 'GE 4', 3, NULL, '2019-03-14 18:51:08', '2019-03-14 18:51:08'),
(138, 3, '1', '1', 1, 'Richard Javier', 'National Service Training Program 1', 'NSTP 1', 3, NULL, '2019-03-14 18:51:08', '2019-03-14 18:51:08'),
(139, 3, '1', '1', 1, 'Gilbert Fruel', 'Christian Teaching 1', 'CT 1', 2, NULL, '2019-03-14 18:51:08', '2019-03-14 18:51:08'),
(140, 3, '1', '1', 1, 'MaryAnn Cruz', 'Managerial Economics', 'ManEcon', 3, NULL, '2019-03-14 18:51:08', '2019-03-14 18:51:08'),
(141, 3, '1', '1', 1, 'Kristine Jimenez', 'Financial Accounting and Reporting', 'FAR', 6, NULL, '2019-03-14 18:51:09', '2019-03-14 18:51:09'),
(142, 3, '1', '1', 1, 'Marben Adova', 'Readings in the Philippine History', 'GE 2', 3, NULL, '2019-03-14 18:51:09', '2019-03-14 18:51:09'),
(143, 3, '1', '1', 1, 'Kesiah Cruz', 'Physical Fitness and Gymnastics', 'PE 1', 2, NULL, '2019-03-14 18:51:09', '2019-03-14 18:51:09'),
(144, 3, '1', '1', 3, 'John Orbista', 'Technical Writing: Business and Accounting Applications', 'Eng 3', 3, NULL, '2019-03-14 19:03:44', '2019-03-14 19:03:44'),
(145, 3, '1', '1', 3, 'Richard Javier', 'Business Statistics w/ Computer Applications ', 'Math 4', 3, NULL, '2019-03-14 19:03:44', '2019-03-14 19:03:44'),
(146, 3, '1', '1', 3, 'MaryAnn Cruz', 'Macroeconomics Theory and Practice', 'Mngt 115', 3, NULL, '2019-03-14 19:03:44', '2019-03-14 19:03:44'),
(147, 3, '1', '1', 3, 'Atty.Lamberto Bonifacio', 'Law on Business Organization', 'Mngt 116', 3, NULL, '2019-03-14 19:03:44', '2019-03-14 19:03:44'),
(148, 3, '1', '1', 3, 'Erlinda Mallari', 'Financial Accounting & Reporting Part 3', 'AC 106', 3, NULL, '2019-03-14 19:03:44', '2019-03-14 19:03:44'),
(149, 3, '1', '1', 3, 'Rosemarie Dimaranan', 'Income Taxation', 'AC 107', 3, NULL, '2019-03-14 19:03:44', '2019-03-14 19:03:44'),
(150, 3, '1', '1', 3, 'Erlinda Mallari', 'Cost Accounting and Cost Management', 'AC 108', 6, NULL, '2019-03-14 19:03:44', '2019-03-14 19:03:44'),
(151, 3, '1', '1', 3, 'Rommel Alba', 'Bible Science 2', 'CL/VF 5', 2, NULL, '2019-03-14 19:03:44', '2019-03-14 19:03:44'),
(152, 5, '1', '1', 1, 'MaryAnn Cruz', 'Understanding the Self ', 'GE 1', 3, NULL, '2019-03-14 21:43:16', '2019-03-14 21:43:16'),
(153, 5, '1', '1', 1, 'Marben Adova', 'Readings in Philippine History', 'GE 2', 3, NULL, '2019-03-14 21:43:16', '2019-03-14 21:43:16'),
(154, 5, '1', '1', 1, 'Richard Javier', 'Mathematics in the Modern World ', 'GE 3', 3, NULL, '2019-03-14 21:43:16', '2019-03-14 21:43:16'),
(155, 5, '1', '1', 1, 'Ammi Pineda', 'Purposive Communication ', 'GE 4', 3, NULL, '2019-03-14 21:43:16', '2019-03-14 21:43:16'),
(156, 5, '1', '1', 1, 'John Orbista', 'Panitikan ng Pilipinas / Philippine Literature', 'Lit 1', 3, NULL, '2019-03-14 21:43:16', '2019-03-14 21:43:16'),
(157, 5, '1', '1', 1, 'Raquel Umbalin', 'Knowledge & Philosophical Foundation of the SW Profession', 'SW 101', 3, NULL, '2019-03-14 21:43:16', '2019-03-14 21:43:16'),
(158, 5, '1', '1', 1, 'Kesiah Cruz', 'Physical Fitness', 'PE 1', 2, NULL, '2019-03-14 21:43:16', '2019-03-14 21:43:16'),
(159, 5, '1', '1', 1, 'Richard Javier', 'National Service Training Program 1', 'NSTP 1', 3, NULL, '2019-03-14 21:43:16', '2019-03-14 21:43:16'),
(160, 5, '1', '1', 1, 'Gilbert Fruel', 'Christian Teachings 1', 'CT 1', 2, NULL, '2019-03-14 21:43:16', '2019-03-14 21:43:16'),
(161, 5, '1', '1', 4, 'Annabelle Bercasio', 'Field Instruction I', 'SW 121', 15, NULL, '2019-03-14 22:19:18', '2019-03-14 22:19:18'),
(162, 5, '1', '1', 4, 'Raquel Umbalin', 'Social Work Research 2', 'SW 119', 3, NULL, '2019-03-14 22:19:18', '2019-03-14 22:19:18'),
(163, 5, '1', '1', 3, 'Richard Javier', 'Social Work Statistics', 'SW 112', 3, NULL, '2019-03-14 23:11:18', '2019-03-14 23:11:18'),
(164, 5, '1', '1', 3, 'Julito Varquez', 'CL 5', 'CL 5', 2, NULL, '2019-03-14 23:23:19', '2019-03-14 23:23:19'),
(165, 5, '1', '1', 3, 'John Orbista', 'Philippine Literature', 'Lit 1', 3, NULL, '2019-03-14 23:27:59', '2019-03-14 23:27:59'),
(166, 5, '1', '1', 3, 'Fatima Magtalas', 'Environmental Science', 'Science 3', 3, NULL, '2019-03-14 23:27:59', '2019-03-14 23:27:59'),
(167, 5, '1', '1', 3, 'Lea Solis', 'Social Welfare Agency Administration', 'SW 113', 3, NULL, '2019-03-14 23:27:59', '2019-03-14 23:27:59'),
(168, 5, '1', '1', 3, 'Lito Bueno', 'Intro. To Philo with Logic and Critical Thinking', 'Philo 1', 3, NULL, '2019-03-14 23:27:59', '2019-03-14 23:27:59'),
(169, 5, '1', '1', 3, 'George deMesa', 'Social Work Counseling', 'SW 111', 3, NULL, '2019-03-14 23:27:59', '2019-03-14 23:27:59'),
(170, 5, '1', '1', 3, 'George deMesa', 'Social Work Practice', 'SW 112', 3, NULL, '2019-03-14 23:27:59', '2019-03-14 23:27:59'),
(171, 3, '1', '1', 4, 'Fatima Magtalas', 'Physical Science ', 'Science 3', 3, NULL, '2019-03-15 03:25:16', '2019-03-15 03:25:16'),
(172, 3, '1', '1', 4, 'Jay Bermias', 'Financial Management I', 'Mngt 119', 3, NULL, '2019-03-15 03:25:16', '2019-03-15 03:25:16'),
(173, 3, '1', '1', 4, 'MaryAnn Cruz', 'Human Behavior in Organization', 'Mngt 120', 3, NULL, '2019-03-15 03:25:16', '2019-03-15 03:25:16'),
(174, 3, '1', '1', 4, 'Erlinda Mallari', 'Management Accounting Part 2', 'AC 112', 3, NULL, '2019-03-15 03:25:16', '2019-03-15 03:25:16'),
(175, 3, '1', '1', 4, 'Kristine Jimenez', 'Accounting Information System', 'AC 113', 3, NULL, '2019-03-15 03:25:16', '2019-03-15 03:25:16'),
(176, 3, '1', '1', 4, 'Erlinda Mallari', 'Advance Financial Accounting & Reporting Part 2', 'AC 114', 3, NULL, '2019-03-15 03:25:16', '2019-03-15 03:25:16'),
(177, 3, '1', '1', 4, 'Sharene Labung', 'IT Concepts and Systems Analysis and Design', 'Comp 3', 3, NULL, '2019-03-15 03:25:16', '2019-03-15 03:25:16'),
(178, 3, '1', '1', 4, 'AbigailLav Ganadores', 'Christian Morality and Ethics', 'CL/VF 7', 2, NULL, '2019-03-15 03:25:16', '2019-03-15 03:25:16'),
(179, 3, '1', '1', 5, 'Rosemarie Dimaranan', 'Good Governance and Social Responsibility', 'Mngt 124', 3, NULL, '2019-03-15 03:44:23', '2019-03-15 03:44:23'),
(180, 3, '1', '1', 5, 'Rosemarie Dimaranan', 'Management Consultancy', 'Mngt 125', 3, NULL, '2019-03-15 03:44:23', '2019-03-15 03:44:23'),
(181, 3, '1', '1', 5, 'Atty.Lamberto Bonifacio', 'Law on Negotiable Instrument', 'AC 117', 3, NULL, '2019-03-15 03:44:23', '2019-03-15 03:44:23'),
(182, 3, '1', '1', 5, 'Eric Yumul', 'Auditing in CIS Environment', 'AC 118', 6, NULL, '2019-03-15 03:44:23', '2019-03-15 03:44:23'),
(183, 3, '1', '1', 5, 'Eric Yumul', 'Applied Auditing', 'AC 119', 6, NULL, '2019-03-15 03:44:23', '2019-03-15 03:44:23'),
(184, 3, '1', '1', 5, 'Julito Varquez', 'Basic Christian Doctrine 1', 'CL/VF 9', 2, NULL, '2019-03-15 03:44:23', '2019-03-15 03:44:23'),
(185, 8, '1', '1', 4, 'Friesly Perlas', 'Physical Science ', 'Science 3', 3, NULL, '2019-03-15 04:13:14', '2019-03-15 04:13:14'),
(186, 8, '1', '1', 4, 'Jay Bermias', 'Financial Management I', 'Mngt 119', 3, NULL, '2019-03-15 04:13:14', '2019-03-15 04:13:14'),
(187, 8, '1', '1', 4, 'Rosemarie Dimaranan', 'Good Governance and Social Responsibility', 'Mngt 120', 3, NULL, '2019-03-15 04:13:14', '2019-03-15 04:13:14'),
(188, 8, '1', '1', 4, 'Kristine Jimenez', 'Accounting Information System', 'ACT 113', 3, NULL, '2019-03-15 04:13:14', '2019-03-15 04:13:14'),
(189, 8, '1', '1', 4, 'Erlinda Mallari', 'Applied Auditing', 'ACT 114', 6, NULL, '2019-03-15 04:13:14', '2019-03-15 04:13:14'),
(190, 8, '1', '1', 4, 'AbigailLav Ganadores', 'Christian Morality and Ethics', 'CL/VF 7', 2, NULL, '2019-03-15 04:13:14', '2019-03-15 04:13:14');

-- --------------------------------------------------------

--
-- Table structure for table `fixed_schedules`
--

DROP TABLE IF EXISTS `fixed_schedules`;
CREATE TABLE IF NOT EXISTS `fixed_schedules` (
  `id` int(10) UNSIGNED NOT NULL AUTO_INCREMENT,
  `academic_year_id` int(11) NOT NULL,
  `semester` int(11) NOT NULL,
  `program_id` int(11) NOT NULL,
  `course_name` varchar(191) COLLATE utf8mb4_unicode_ci NOT NULL,
  `teacher_name` varchar(191) COLLATE utf8mb4_unicode_ci NOT NULL,
  `room_name` varchar(191) COLLATE utf8mb4_unicode_ci NOT NULL,
  `level` int(11) NOT NULL,
  `day` int(11) NOT NULL,
  `time_start` int(11) NOT NULL,
  `time_finish` int(11) NOT NULL,
  `deleted_at` timestamp NULL DEFAULT NULL,
  `created_at` timestamp NULL DEFAULT NULL,
  `updated_at` timestamp NULL DEFAULT NULL,
  PRIMARY KEY (`id`)
) ENGINE=MyISAM AUTO_INCREMENT=395 DEFAULT CHARSET=utf8mb4 COLLATE=utf8mb4_unicode_ci;

--
-- Dumping data for table `fixed_schedules`
--

INSERT INTO `fixed_schedules` (`id`, `academic_year_id`, `semester`, `program_id`, `course_name`, `teacher_name`, `room_name`, `level`, `day`, `time_start`, `time_finish`, `deleted_at`, `created_at`, `updated_at`) VALUES
(1, 1, 2, 2, 'Christian Teachings 2', 'Julito Varquez', 'dsr5', 1, 5, 1300, 1400, NULL, '2019-03-09 18:24:39', '2019-03-09 18:24:39'),
(2, 1, 2, 2, 'Christian Teachings 2', 'Julito Varquez', 'dsr2', 1, 3, 1300, 1400, NULL, '2019-03-09 18:24:39', '2019-03-09 18:24:39'),
(3, 1, 2, 2, 'National Service Training Program 2', 'Richard Javier', 'dsr16', 1, 5, 1000, 1130, NULL, '2019-03-09 18:24:39', '2019-03-09 18:24:39'),
(4, 1, 2, 2, 'National Service Training Program 2', 'Richard Javier', 'dsr16', 1, 2, 1000, 1130, NULL, '2019-03-09 18:24:39', '2019-03-09 18:24:39'),
(5, 1, 2, 2, 'Rhythmic Activities', 'Kesiah Cruz', 'dsr15', 1, 4, 1030, 1230, NULL, '2019-03-09 18:24:39', '2019-03-09 18:24:39'),
(6, 1, 2, 2, 'Communication & Media Theory', 'Carolinne Laguinto', 'dsr1', 1, 6, 800, 1100, NULL, '2019-03-09 18:24:39', '2019-03-09 18:24:39'),
(7, 1, 2, 2, 'Introduction to Broadcasting, Interactive and Emerging Media', 'Edyssa Belandres', 'dsr1', 1, 4, 1600, 1730, NULL, '2019-03-09 18:24:39', '2019-03-09 18:24:39'),
(8, 1, 2, 2, 'Introduction to Broadcasting, Interactive and Emerging Media', 'Edyssa Belandres', 'dsr2', 1, 3, 1600, 1730, NULL, '2019-03-09 18:24:39', '2019-03-09 18:24:39'),
(9, 1, 2, 2, 'Pagtuturo at Pagtataya sa Pagbasa at Pagsulat', 'John Orbista', 'dsr2', 1, 5, 1430, 1600, NULL, '2019-03-09 18:24:39', '2019-03-09 18:24:39'),
(10, 1, 2, 2, 'Pagtuturo at Pagtataya sa Pagbasa at Pagsulat', 'John Orbista', 'dsr3', 1, 3, 1430, 1600, NULL, '2019-03-09 18:24:39', '2019-03-09 18:24:39'),
(11, 1, 2, 2, 'Art Appreciation', 'John Orbista', 'dsr14', 1, 2, 1430, 1600, NULL, '2019-03-09 18:24:39', '2019-03-09 18:24:39'),
(12, 1, 2, 2, 'Art Appreciation', 'John Orbista', 'dsr14', 1, 4, 1430, 1600, NULL, '2019-03-09 18:24:39', '2019-03-09 18:24:39'),
(13, 1, 2, 2, 'Mathematics in the Modern World', 'Richard Javier', 'dsr2', 1, 4, 800, 930, NULL, '2019-03-09 18:24:39', '2019-03-09 18:24:39'),
(14, 1, 2, 2, 'Mathematics in the Modern World', 'Richard Javier', 'dsr3', 1, 5, 800, 930, NULL, '2019-03-09 18:24:39', '2019-03-09 18:24:39'),
(15, 1, 2, 2, 'The Contemporary World', 'Marben Adova', 'dsr3', 1, 5, 1630, 1800, NULL, '2019-03-09 18:24:39', '2019-03-09 18:24:39'),
(16, 1, 2, 2, 'The Contemporary World', 'Marben Adova', 'dsr4', 1, 2, 1630, 1800, NULL, '2019-03-09 18:24:39', '2019-03-09 18:24:39'),
(17, 1, 2, 2, 'World’s Major Religions', 'Julito Varquez', 'dsr1', 3, 1, 1330, 1430, NULL, '2019-03-09 18:32:46', '2019-03-09 18:32:46'),
(18, 1, 2, 2, 'World’s Major Religions', 'Julito Varquez', 'dsr2', 3, 3, 1130, 1230, NULL, '2019-03-09 18:32:46', '2019-03-09 18:32:46'),
(19, 1, 2, 2, 'Introduction to TV Writing', 'Edyssa Belandres', 'dsr1', 3, 1, 1500, 1630, NULL, '2019-03-09 18:32:46', '2019-03-09 18:32:46'),
(20, 1, 2, 2, 'Introduction to TV Writing', 'Edyssa Belandres', 'dsr11', 3, 2, 1330, 1500, NULL, '2019-03-09 18:32:46', '2019-03-09 18:32:46'),
(21, 1, 2, 2, 'TV Production and Direction', 'Edyssa Belandres', 'dsr1', 3, 5, 1300, 1700, NULL, '2019-03-09 18:32:46', '2019-03-09 18:32:46'),
(22, 1, 2, 2, 'Broadcast Law and Ethics', 'VeraAisa Marin', 'dsr1', 3, 3, 1500, 1630, NULL, '2019-03-09 18:32:46', '2019-03-09 18:32:46'),
(23, 1, 2, 2, 'Broadcast Law and Ethics', 'VeraAisa Marin', 'dsr2', 3, 4, 1500, 1630, NULL, '2019-03-09 18:32:46', '2019-03-09 18:32:46'),
(24, 1, 2, 2, 'Video Procedures and Operations', 'Joel Regino', 'dsr2', 3, 2, 1300, 1700, NULL, '2019-03-09 18:32:46', '2019-03-09 18:32:46'),
(25, 1, 2, 2, 'Business Math', 'Rey AustriaJr.', 'dsr1', 3, 1, 1630, 1800, NULL, '2019-03-09 18:32:46', '2019-03-09 18:32:46'),
(26, 1, 2, 2, 'Business Math', 'Rey AustriaJr.', 'dsr3', 3, 4, 1630, 1800, NULL, '2019-03-09 18:32:46', '2019-03-09 18:32:46'),
(27, 1, 2, 2, 'Religious Cults and Practices', 'Julito Varquez', 'dsr7', 4, 4, 1500, 1600, NULL, '2019-03-09 18:37:14', '2019-03-09 18:37:14'),
(28, 1, 2, 2, 'Religious Cults and Practices', 'Julito Varquez', 'dsr3', 4, 2, 1500, 1600, NULL, '2019-03-09 18:37:14', '2019-03-09 18:37:14'),
(29, 1, 2, 2, 'Program Planning and Building', 'Carolinne Laguinto', 'dsr1', 4, 6, 1200, 1500, NULL, '2019-03-09 18:37:14', '2019-03-09 18:37:14'),
(30, 1, 2, 2, 'Video Post-Production', 'Joel Regino', 'dsr2', 4, 2, 900, 1200, NULL, '2019-03-09 18:37:14', '2019-03-09 18:37:14'),
(31, 1, 2, 2, 'Broadcast Research (Thesis Writing)', 'John Orbista', 'dsr3', 4, 2, 1300, 1430, NULL, '2019-03-09 18:37:14', '2019-03-09 18:37:14'),
(32, 1, 2, 2, 'Broadcast Research (Thesis Writing)', 'John Orbista', 'dsr2', 4, 4, 1300, 1430, NULL, '2019-03-09 18:37:14', '2019-03-09 18:37:14'),
(33, 1, 2, 3, 'Acc Integration, Advanced Acounting', 'Eric Yumul', 'comlabHS', 5, 6, 1700, 2000, NULL, '2019-03-09 18:58:27', '2019-03-09 18:58:27'),
(34, 1, 2, 3, 'Acc Integration, Auditing', 'Eric Yumul', 'comlabHS', 5, 6, 1400, 1700, NULL, '2019-03-09 18:58:27', '2019-03-09 18:58:27'),
(35, 1, 2, 3, 'Acc Integration, Management Acounting', 'Ammi Pineda', 'dsr4', 5, 5, 830, 1130, NULL, '2019-03-09 18:58:27', '2019-03-09 18:58:27'),
(36, 1, 2, 3, 'Acc Integration, Taxation', 'Erlinda Mallari', 'dsr6', 5, 5, 1700, 1830, NULL, '2019-03-09 18:58:27', '2019-03-09 18:58:27'),
(37, 1, 2, 3, 'Acc Integration, Taxation', 'Erlinda Mallari', 'dsr5', 5, 4, 800, 930, NULL, '2019-03-09 18:58:27', '2019-03-09 18:58:27'),
(38, 1, 2, 3, 'Acc Integration, Financial Acounting', 'Erlinda Mallari', 'dsr4', 5, 4, 1700, 1830, NULL, '2019-03-09 18:58:27', '2019-03-09 18:58:27'),
(39, 1, 2, 3, 'Acc Integration, Financial Acounting', 'Erlinda Mallari', 'dsr5', 5, 5, 1530, 1700, NULL, '2019-03-09 18:58:27', '2019-03-09 18:58:27'),
(40, 1, 2, 3, 'Business Law', 'Atty.Lamberto Bonifacio', 'dsr5', 5, 4, 1830, 2000, NULL, '2019-03-09 18:58:27', '2019-03-09 18:58:27'),
(41, 1, 2, 3, 'Business Law', 'Atty.Lamberto Bonifacio', 'dsr4', 5, 3, 1830, 2000, NULL, '2019-03-09 18:58:27', '2019-03-09 18:58:27'),
(42, 1, 2, 3, 'Christian Teaching 10', 'Julito Varquez', 'dsr6', 5, 3, 1600, 1800, NULL, '2019-03-09 18:58:27', '2019-03-09 18:58:27'),
(43, 1, 2, 4, 'Christian Teachings 2', 'Julito Varquez', 'dsr6', 1, 5, 930, 1030, NULL, '2019-03-09 19:42:45', '2019-03-09 19:42:45'),
(44, 1, 2, 4, 'Christian Teachings 2', 'Julito Varquez', 'dsr3', 1, 1, 1500, 1600, NULL, '2019-03-09 19:42:45', '2019-03-09 19:42:45'),
(45, 1, 2, 4, 'Rhythmic Activities', 'Kesiah Cruz', 'dsr15', 1, 3, 1030, 1230, NULL, '2019-03-09 19:42:45', '2019-03-09 19:42:45'),
(46, 1, 2, 4, 'National Service Training Program 2', 'Richard Javier', 'dsr16', 1, 3, 830, 1000, NULL, '2019-03-09 19:42:45', '2019-03-09 19:42:45'),
(47, 1, 2, 4, 'National Service Training Program 2', 'Richard Javier', 'dsr16', 1, 2, 1630, 1800, NULL, '2019-03-09 19:42:45', '2019-03-09 19:42:45'),
(48, 1, 2, 4, 'Conceptual Framework and Accounting Standards', 'Ammi Pineda', 'dsr5', 1, 5, 1600, 1900, NULL, '2019-03-09 19:42:45', '2019-03-09 19:42:45'),
(49, 1, 2, 4, 'Partnership & Corporation Accounting', 'Erlinda Mallari', 'dsr3', 1, 5, 1300, 1500, NULL, '2019-03-09 19:42:45', '2019-03-09 19:42:45'),
(50, 1, 2, 4, 'Partnership & Corporation Accounting', 'Erlinda Mallari', 'dsr3', 1, 4, 1300, 1500, NULL, '2019-03-09 19:42:45', '2019-03-09 19:42:45'),
(51, 1, 2, 4, 'Rizal’s Life, Works and Writings', 'John Orbista', 'dsr13', 1, 2, 900, 1030, NULL, '2019-03-09 19:42:45', '2019-03-09 19:42:45'),
(52, 1, 2, 4, 'Rizal’s Life & Works', 'John Orbista', 'dsr9', 1, 1, 1630, 1800, NULL, '2019-03-09 19:42:45', '2019-03-09 19:42:45'),
(53, 1, 2, 4, 'Law on Obligation and Contracts', 'Atty.Lamberto Bonifacio', 'dsr1', 1, 2, 1830, 2000, NULL, '2019-03-09 19:42:45', '2019-03-09 19:42:45'),
(54, 1, 2, 4, 'Law on Obligation and Contracts', 'Atty.Lamberto Bonifacio', 'dsr4', 1, 1, 1830, 2000, NULL, '2019-03-09 19:42:45', '2019-03-09 19:42:45'),
(55, 1, 2, 4, 'Purposive Communication', 'Ammi Pineda', 'dsr5', 1, 4, 1500, 1630, NULL, '2019-03-09 19:42:45', '2019-03-09 19:42:45'),
(56, 1, 2, 4, 'Purposive Communication', 'Ammi Pineda', 'dsr4', 1, 5, 1100, 1230, NULL, '2019-03-09 19:42:45', '2019-03-09 19:42:45'),
(57, 1, 2, 4, 'Ethics', 'MaryAnn Cruz', 'dsr4', 1, 2, 730, 900, NULL, '2019-03-09 19:42:45', '2019-03-09 19:42:45'),
(58, 1, 2, 4, 'Ethics', 'MaryAnn Cruz', 'comlabA', 1, 5, 730, 900, NULL, '2019-03-09 19:42:45', '2019-03-09 19:42:45'),
(59, 1, 2, 4, 'Partnership & Corporation Accounting', 'Erlinda Mallari', 'dsr3', 1, 3, 1300, 1500, NULL, '2019-03-09 19:42:45', '2019-03-09 19:42:45'),
(60, 1, 2, 5, 'Christian Teachings 2', 'Gilbert Fruel', 'dsr9', 1, 2, 1230, 1430, NULL, '2019-03-09 20:08:30', '2019-03-09 20:08:30'),
(61, 1, 2, 5, 'National Service Training Program 2', 'Richard Javier', 'dsr16', 1, 5, 1000, 1130, NULL, '2019-03-09 20:08:30', '2019-03-09 20:08:30'),
(62, 1, 2, 5, 'National Service Training Program 2', 'Richard Javier', 'dsr16', 1, 2, 1000, 1130, NULL, '2019-03-09 20:08:30', '2019-03-09 20:08:30'),
(63, 1, 2, 5, 'Rhythmic Activities', 'Kesiah Cruz', 'dsr2', 1, 4, 1030, 1130, NULL, '2019-03-09 20:08:30', '2019-03-09 20:08:30'),
(64, 1, 2, 5, 'Rhythmic Activities', 'Kesiah Cruz', 'dsr15', 1, 2, 1000, 1100, NULL, '2019-03-09 20:08:30', '2019-03-09 20:08:30'),
(65, 1, 2, 5, 'Filipino Personality and Social Work', 'Marissa Donida', 'dsr9', 1, 5, 1430, 1600, NULL, '2019-03-09 20:08:30', '2019-03-09 20:08:30'),
(66, 1, 2, 5, 'Filipino Personality and Social Work', 'Marissa Donida', 'dsr5', 1, 3, 1430, 1600, NULL, '2019-03-09 20:08:30', '2019-03-09 20:08:30'),
(67, 1, 2, 5, 'Philippine Social Realities and Social Welfare', 'George deMesa', 'dsr2', 1, 6, 1400, 1700, NULL, '2019-03-09 20:08:30', '2019-03-09 20:08:30'),
(68, 1, 2, 5, 'Pagtuturo at Pagtataya sa Pagbasa at Pagsulat', 'John Orbista', 'dsr1', 1, 2, 1600, 1730, NULL, '2019-03-09 20:08:30', '2019-03-09 20:08:30'),
(69, 1, 2, 5, 'Pagtuturo at Pagtataya sa Pagbasa at Pagsulat', 'John Orbista', 'dsr4', 1, 3, 1600, 1730, NULL, '2019-03-09 20:08:30', '2019-03-09 20:08:30'),
(70, 1, 2, 5, 'Fields of Social Work', 'George deMesa', 'dsr5', 1, 6, 1700, 2000, NULL, '2019-03-09 20:08:30', '2019-03-09 20:08:30'),
(71, 1, 2, 5, 'The Contemporary World', 'Marben Adova', 'dsr4', 1, 5, 1300, 1430, NULL, '2019-03-09 20:08:30', '2019-03-09 20:08:30'),
(72, 1, 2, 5, 'The Contemporary World', 'Marben Adova', 'dsr2', 1, 4, 1630, 1800, NULL, '2019-03-09 20:08:30', '2019-03-09 20:08:30'),
(73, 1, 2, 5, 'Art Appreciation', 'John Orbista', 'dsr14', 1, 2, 1430, 1600, NULL, '2019-03-09 20:08:30', '2019-03-09 20:08:30'),
(74, 1, 2, 5, 'Art Appreciation', 'John Orbista', 'dsr14', 1, 4, 1430, 1600, NULL, '2019-03-09 20:08:30', '2019-03-09 20:08:30'),
(75, 1, 2, 5, 'Social Welfare Project Development and Management', 'Raquel Umbalin', 'dsr1', 3, 5, 800, 1100, NULL, '2019-03-09 20:19:23', '2019-03-09 20:19:23'),
(76, 1, 2, 5, 'Social Work Practice with Communities', 'Raquel Umbalin', 'dsr5', 3, 5, 1200, 1500, NULL, '2019-03-09 20:19:23', '2019-03-09 20:19:23'),
(77, 1, 2, 5, 'Social Work Community Education and Training', 'Raquel Umbalin', 'dsr6', 3, 5, 1530, 1830, NULL, '2019-03-09 20:19:23', '2019-03-09 20:19:23'),
(78, 1, 2, 5, 'Social Work Research 2', 'Leah Campanilla', 'dsr3', 3, 2, 1340, 1640, NULL, '2019-03-09 20:19:23', '2019-03-09 20:19:23'),
(79, 1, 2, 5, 'Christian Teachings 6', 'Julito Varquez', 'dsr8', 3, 4, 1530, 1630, NULL, '2019-03-09 20:19:23', '2019-03-09 20:19:23'),
(80, 1, 2, 5, 'Christian Teachings 6', 'Julito Varquez', 'dsr1', 3, 2, 930, 1030, NULL, '2019-03-09 20:19:23', '2019-03-09 20:19:23'),
(81, 1, 2, 5, 'Rizal’s Life, Works and Writings', 'John Orbista', 'dsr7', 3, 2, 1030, 1200, NULL, '2019-03-09 20:19:23', '2019-03-09 20:19:23'),
(82, 1, 2, 5, 'Rizals Life and Works', 'John Orbista', 'dsr4', 3, 1, 1500, 1630, NULL, '2019-03-09 20:19:23', '2019-03-09 20:19:23'),
(83, 1, 2, 5, 'Economics', 'Atty.Lamberto Bonifacio', 'dsr11', 3, 4, 1700, 1830, NULL, '2019-03-09 20:19:23', '2019-03-09 20:19:23'),
(84, 1, 2, 5, 'Economics', 'Atty.Lamberto Bonifacio', 'dsr4', 3, 1, 1700, 1830, NULL, '2019-03-09 20:19:23', '2019-03-09 20:19:23'),
(85, 1, 2, 5, 'World Literature', 'John Orbista', 'dsr4', 3, 1, 1300, 1430, NULL, '2019-03-09 20:19:23', '2019-03-09 20:19:23'),
(86, 1, 2, 5, 'World Literature', 'John Orbista', 'dsr5', 3, 4, 900, 1030, NULL, '2019-03-09 20:19:23', '2019-03-09 20:19:23'),
(87, 1, 2, 5, 'Seminar on Current Trends in Social Work', 'Raquel Umbalin', 'dsr8', 4, 6, 700, 1200, NULL, '2019-03-09 20:20:40', '2019-03-09 20:20:40'),
(88, 1, 2, 6, 'Rythmic Activities', 'Kesiah Cruz', 'dsr15', 1, 3, 1030, 1230, NULL, '2019-03-10 02:23:11', '2019-03-10 02:23:11'),
(89, 1, 2, 6, 'Computer 2', 'Isaiah Martinez', 'comlabA', 1, 5, 1800, 1930, NULL, '2019-03-10 02:23:11', '2019-03-10 02:23:11'),
(90, 1, 2, 6, 'Computer 2', 'Isaiah Martinez', 'comlabA', 1, 2, 1600, 1730, NULL, '2019-03-10 02:23:11', '2019-03-10 02:23:11'),
(91, 1, 2, 6, 'Business Math', 'Rey AustriaJr.', 'dsr14', 1, 5, 1600, 1730, NULL, '2019-03-10 02:23:11', '2019-03-10 02:23:11'),
(92, 1, 2, 6, 'Business Math', 'Rey AustriaJr.', 'dsr3', 1, 2, 1800, 1930, NULL, '2019-03-10 02:23:11', '2019-03-10 02:23:11'),
(93, 1, 2, 6, 'Business Writing', 'Ammi Pineda', 'dsr12', 1, 5, 1430, 1600, NULL, '2019-03-10 02:23:11', '2019-03-10 02:23:11'),
(94, 1, 2, 6, 'Business Writing', 'Ammi Pineda', 'dsr6', 1, 2, 1430, 1600, NULL, '2019-03-10 02:23:11', '2019-03-10 02:23:11'),
(95, 1, 2, 6, 'Records And File Management', 'Albert Soriano', 'dsr8', 1, 3, 800, 930, NULL, '2019-03-10 02:23:11', '2019-03-10 02:23:11'),
(96, 1, 2, 6, 'Records And File Management', 'Albert Soriano', 'dsr6', 1, 2, 1400, 1530, NULL, '2019-03-10 02:23:11', '2019-03-10 02:23:11'),
(97, 1, 2, 6, 'Records And File Management', 'Albert Soriano', 'dsr4', 1, 4, 1300, 1430, NULL, '2019-03-10 02:23:11', '2019-03-10 02:23:11'),
(98, 1, 2, 6, 'Records And File Management', 'Albert Soriano', 'dsr2', 1, 5, 1300, 1430, NULL, '2019-03-10 02:23:11', '2019-03-10 02:23:11'),
(99, 1, 2, 6, 'Funamentals of Shorthand 2', 'Gilbert Fruel', 'dsr11', 1, 2, 800, 930, NULL, '2019-03-10 02:23:11', '2019-03-10 02:23:11'),
(100, 1, 2, 6, 'Funamentals of Shorthand 2', 'Gilbert Fruel', 'dsr6', 1, 4, 1030, 1200, NULL, '2019-03-10 02:23:11', '2019-03-10 02:23:11'),
(101, 1, 2, 6, 'National Service Training Program 2', 'Richard Javier', 'dsr16', 1, 5, 1000, 1130, NULL, '2019-03-10 02:23:11', '2019-03-10 02:23:11'),
(102, 1, 2, 6, 'National Service Training Program 2', 'Richard Javier', 'dsr16', 1, 2, 1000, 1130, NULL, '2019-03-10 02:23:11', '2019-03-10 02:23:11'),
(103, 1, 2, 7, 'Methods of Research', 'Sharene Labung', 'comlabB', 3, 1, 1300, 1430, NULL, '2019-03-10 07:06:48', '2019-03-10 07:06:48'),
(104, 1, 2, 7, 'Methods of Research', 'Sharene Labung', 'comlabB', 3, 5, 1530, 1700, NULL, '2019-03-10 07:06:48', '2019-03-10 07:06:48'),
(105, 1, 2, 7, 'IT Security and Risk Management', 'Sharene Labung', 'comlabB', 3, 5, 1030, 1200, NULL, '2019-03-10 07:06:48', '2019-03-10 07:06:48'),
(106, 1, 2, 7, 'IT Security and Risk Management', 'Sharene Labung', 'comlabB', 3, 3, 1230, 1400, NULL, '2019-03-10 07:06:48', '2019-03-10 07:06:48'),
(107, 1, 2, 7, 'Christian Morality and Ethics', 'Sharene Labung', 'dsr7', 3, 3, 1030, 1130, NULL, '2019-03-10 07:06:48', '2019-03-10 07:06:48'),
(108, 1, 2, 7, 'Christian Morality and Ethics', 'Sharene Labung', 'dsr6', 3, 2, 1530, 1630, NULL, '2019-03-10 07:06:48', '2019-03-10 07:06:48'),
(109, 1, 2, 7, 'Mobile Applications Development', 'Loyd Larazo', 'comlabB', 3, 6, 1400, 1700, NULL, '2019-03-10 07:06:48', '2019-03-10 07:06:48'),
(110, 1, 2, 7, 'Software Engineering', 'Jennifer Aguilar', 'comlabA', 3, 6, 1000, 1300, NULL, '2019-03-10 07:06:48', '2019-03-10 07:06:48'),
(111, 1, 2, 7, 'Rizal’s Life, Works and Writings', 'John Orbista', 'dsr7', 3, 2, 1030, 1200, NULL, '2019-03-10 07:06:48', '2019-03-10 07:06:48'),
(112, 1, 2, 7, 'Rizal’s Life, Works and Writings', 'John Orbista', 'dsr4', 3, 1, 1500, 1630, NULL, '2019-03-10 07:06:48', '2019-03-10 07:06:48'),
(113, 1, 2, 7, 'Evaluation of Business Performance', 'MaryAnn Cruz', 'comlabA', 3, 5, 1400, 1530, NULL, '2019-03-10 07:06:48', '2019-03-10 07:06:48'),
(114, 1, 2, 7, 'Evaluation of Business Performance', 'MaryAnn Cruz', 'comlabHS', 3, 2, 1400, 1530, NULL, '2019-03-10 07:06:48', '2019-03-10 07:06:48'),
(115, 1, 2, 7, 'Speech and Oral Communication', 'Ammi Pineda', 'dsr7', 3, 5, 1300, 1430, NULL, '2019-03-10 07:06:48', '2019-03-10 07:06:48'),
(116, 1, 2, 7, 'Speech and Oral Communication', 'Ammi Pineda', 'dsr4', 3, 3, 1430, 1600, NULL, '2019-03-10 07:06:48', '2019-03-10 07:06:48'),
(117, 1, 2, 7, 'Math of Investment', 'Albert Soriano', 'dsr4', 3, 2, 1300, 1430, NULL, '2019-03-10 07:06:48', '2019-03-10 07:06:48'),
(118, 1, 2, 7, 'Math of Investment', 'Albert Soriano', 'comlabA', 3, 1, 1030, 1200, NULL, '2019-03-10 07:06:48', '2019-03-10 07:06:48'),
(119, 1, 2, 7, 'Capstone Project', 'Romack Natividad', 'comlabB', 4, 6, 900, 1200, NULL, '2019-03-10 07:16:49', '2019-03-10 07:16:49'),
(120, 1, 2, 3, 'Religious Cults and Practices', 'Gilbert Fruel', 'dsr7', 4, 2, 930, 1030, NULL, '2019-03-10 08:07:53', '2019-03-10 08:07:53'),
(121, 1, 2, 3, 'Religious Cults and Practices', 'Gilbert Fruel', 'dsr13', 4, 2, 1530, 1630, NULL, '2019-03-10 08:07:53', '2019-03-10 08:07:53'),
(122, 1, 2, 3, 'Foreign Language', 'Christian Gutierrez', 'dsr3', 4, 4, 1030, 1200, NULL, '2019-03-10 08:07:53', '2019-03-10 08:07:53'),
(123, 1, 2, 3, 'Foreign Language', 'Christian Gutierrez', 'dsr3', 4, 4, 930, 1100, NULL, '2019-03-10 08:07:53', '2019-03-10 08:07:53'),
(124, 1, 2, 3, 'Advanced Computer Application for Accountants', 'Sharene Labung', 'dsr1', 4, 4, 1500, 1600, NULL, '2019-03-10 08:07:53', '2019-03-10 08:07:53'),
(125, 1, 2, 3, 'Advanced Computer Application for Accountants', 'Sharene Labung', 'comlabA', 4, 5, 1500, 1600, NULL, '2019-03-10 08:07:53', '2019-03-10 08:07:53'),
(126, 1, 2, 3, 'Advanced Computer Application for Accountants', 'Sharene Labung', 'dsr4', 4, 2, 1300, 1400, NULL, '2019-03-10 08:07:53', '2019-03-10 08:07:53'),
(127, 1, 2, 3, 'Financial Management II', 'JeanneMarie Kaikhan', 'dsr10', 4, 6, 1400, 1700, NULL, '2019-03-10 08:07:53', '2019-03-10 08:07:53'),
(128, 1, 2, 3, 'Sales, Agency,  Labor and Other Commercial Laws', 'Atty.Lamberto Bonifacio', 'dsr9', 4, 2, 1700, 1830, NULL, '2019-03-10 08:07:53', '2019-03-10 08:07:53'),
(129, 1, 2, 3, 'Sales, Agency,  Labor and Other Commercial Laws', 'Atty.Lamberto Bonifacio', 'dsr4', 4, 5, 1700, 1830, NULL, '2019-03-10 08:07:53', '2019-03-10 08:07:53'),
(130, 1, 2, 3, 'Business Policy and Strategy', 'MaryAnn Cruz', 'comlabA', 4, 5, 1030, 1200, NULL, '2019-03-10 08:07:53', '2019-03-10 08:07:53'),
(131, 1, 2, 3, 'Business Policy and Strategy', 'MaryAnn Cruz', 'comlabA', 4, 2, 1030, 1200, NULL, '2019-03-10 08:07:53', '2019-03-10 08:07:53'),
(132, 1, 2, 3, 'Assurance Principles, Professional Ethics and Good Governance', 'MaryAnn Cruz', 'dsr6', 4, 7, 1400, 1700, NULL, '2019-03-10 08:07:53', '2019-03-10 08:07:53'),
(133, 1, 2, 3, 'Accounting for Gov’t, Not-for-Profit Entities and Specialized Industries', 'Rosemarie Dimaranan', 'dsr8', 4, 7, 1030, 1330, NULL, '2019-03-10 08:07:53', '2019-03-10 08:07:53'),
(134, 1, 2, 7, 'Christian Teachings 2', 'Sharene Labung', 'comlabA', 1, 4, 1330, 1430, NULL, '2019-03-10 08:39:17', '2019-03-10 08:39:17'),
(135, 1, 2, 7, 'Christian Teachings 2', 'Sharene Labung', 'dsr3', 1, 1, 1100, 1200, NULL, '2019-03-10 08:39:17', '2019-03-10 08:39:17'),
(136, 1, 2, 7, 'Rhythmic Activities', 'Kesiah Cruz', 'dsr15', 1, 2, 1030, 1230, NULL, '2019-03-10 08:39:17', '2019-03-10 08:39:17'),
(137, 1, 2, 7, 'Discrete Structures', 'Richard Javier', 'dsr2', 1, 1, 1300, 1430, NULL, '2019-03-10 08:39:17', '2019-03-10 08:39:17'),
(138, 1, 2, 7, 'Discrete Structures', 'Richard Javier', 'dsr8', 1, 2, 1430, 1600, NULL, '2019-03-10 08:39:17', '2019-03-10 08:39:17'),
(139, 1, 2, 7, 'National Service Training Program 2', 'Richard Javier', 'dsr16', 1, 3, 830, 1000, NULL, '2019-03-10 08:39:17', '2019-03-10 08:39:17'),
(140, 1, 2, 7, 'National Service Training Program 2', 'Richard Javier', 'dsr16', 1, 2, 1630, 1800, NULL, '2019-03-10 08:39:17', '2019-03-10 08:39:17'),
(141, 1, 2, 7, 'Professional Issues in Information Systems', 'Pablo Buan', 'comlabHS', 1, 1, 1500, 1800, NULL, '2019-03-10 08:39:17', '2019-03-10 08:39:17'),
(142, 1, 2, 7, 'Information Management', 'Romack Natividad', 'comlabB', 1, 6, 700, 830, NULL, '2019-03-10 08:39:17', '2019-03-10 08:39:17'),
(143, 1, 2, 7, 'Information Management', 'Romack Natividad', 'comlabB', 1, 4, 700, 830, NULL, '2019-03-10 08:39:17', '2019-03-10 08:39:17'),
(144, 1, 2, 7, 'Information Management', 'Romack Natividad', 'comlabB', 1, 2, 700, 900, NULL, '2019-03-10 08:39:17', '2019-03-10 08:39:17'),
(145, 1, 2, 7, 'Computer Programming 2', 'Romack Natividad', 'comlabB', 1, 3, 700, 830, NULL, '2019-03-10 08:39:17', '2019-03-10 08:39:17'),
(146, 1, 2, 7, 'Computer Programming 2', 'Romack Natividad', 'comlabB', 1, 5, 700, 830, NULL, '2019-03-10 08:39:17', '2019-03-10 08:39:17'),
(147, 1, 2, 7, 'Readings in Philippine History', 'Marben Adova', 'dsr8', 1, 1, 1800, 1930, NULL, '2019-03-10 08:39:17', '2019-03-10 08:39:17'),
(148, 1, 2, 7, 'Readings in Philippine History', 'Marben Adova', 'dsr2', 1, 2, 1800, 1930, NULL, '2019-03-10 08:39:17', '2019-03-10 08:39:17'),
(149, 1, 2, 7, 'Purposive Communication', 'Ammi Pineda', 'dsr9', 1, 3, 1230, 1400, NULL, '2019-03-10 08:39:17', '2019-03-10 08:39:17'),
(150, 1, 2, 7, 'Purposive Communication', 'Ammi Pineda', 'dsr4', 1, 4, 1100, 1230, NULL, '2019-03-10 08:39:17', '2019-03-10 08:39:17'),
(151, 1, 2, 7, 'Christian Teachings 2', 'Sharene Labung', 'comlabA', 1, 4, 1330, 1430, NULL, '2019-03-10 16:56:55', '2019-03-10 16:56:55'),
(152, 1, 2, 7, 'Christian Teachings 2', 'Sharene Labung', 'comlabA', 1, 1, 1100, 1200, NULL, '2019-03-10 16:56:55', '2019-03-10 16:56:55'),
(153, 1, 2, 1, 'Rhythmic Activities', 'Kesiah Cruz', 'dsr15', 1, 2, 1030, 1230, NULL, '2019-03-10 16:56:55', '2019-03-10 16:56:55'),
(154, 1, 2, 1, 'Discrete Structures', 'Richard Javier', 'dsr2', 1, 1, 1300, 1430, NULL, '2019-03-10 16:56:55', '2019-03-10 16:56:55'),
(155, 1, 2, 1, 'Discrete Structures', 'Richard Javier', 'dsr8', 1, 2, 1430, 1600, NULL, '2019-03-10 16:56:55', '2019-03-10 16:56:55'),
(156, 1, 2, 1, 'National Service Training Program 2', 'Richard Javier', 'dsr16', 1, 3, 830, 1000, NULL, '2019-03-10 16:56:55', '2019-03-10 16:56:55'),
(157, 1, 2, 1, 'National Service Training Program 2', 'Richard Javier', 'dsr16', 1, 2, 1630, 1600, NULL, '2019-03-10 16:56:55', '2019-03-10 16:56:55'),
(158, 1, 2, 1, 'Professional Issues in Information Systems', 'Pablo Buan', 'comlabHS', 1, 1, 1500, 1800, NULL, '2019-03-10 16:56:55', '2019-03-10 16:56:55'),
(159, 1, 2, 1, 'Information Management', 'Romack Natividad', 'comlabB', 1, 6, 700, 830, NULL, '2019-03-10 16:56:55', '2019-03-10 16:56:55'),
(160, 1, 2, 1, 'Information Management', 'Romack Natividad', 'comlabB', 1, 4, 700, 830, NULL, '2019-03-10 16:56:55', '2019-03-10 16:56:55'),
(161, 1, 2, 1, 'Information Management', 'Romack Natividad', 'comlabB', 1, 2, 700, 900, NULL, '2019-03-10 16:56:55', '2019-03-10 16:56:55'),
(162, 1, 2, 1, 'Computer Programming 2', 'Romack Natividad', 'comlabB', 1, 3, 700, 830, NULL, '2019-03-10 16:56:55', '2019-03-10 16:56:55'),
(163, 1, 2, 1, 'Computer Programming 2', 'Romack Natividad', 'comlabB', 1, 5, 700, 830, NULL, '2019-03-10 16:56:55', '2019-03-10 16:56:55'),
(164, 1, 2, 1, 'Readings in Philippine History', 'Marben Adova', 'dsr8', 1, 1, 1800, 1930, NULL, '2019-03-10 16:56:55', '2019-03-10 16:56:55'),
(165, 1, 2, 1, 'Readings in Philippine History', 'Marben Adova', 'dsr2', 1, 2, 1800, 1930, NULL, '2019-03-10 16:56:55', '2019-03-10 16:56:55'),
(166, 1, 2, 1, 'Purposive Communication', 'Ammi Pineda', 'dsr9', 1, 3, 1230, 1400, NULL, '2019-03-10 16:56:55', '2019-03-10 16:56:55'),
(167, 1, 2, 1, 'Purposive Communication', 'Ammi Pineda', 'dsr4', 1, 4, 1100, 1230, NULL, '2019-03-10 16:56:55', '2019-03-10 16:56:55'),
(168, 1, 2, 8, 'World’s Major Religions', 'Julito Varquez', 'dsr12', 3, 5, 1530, 1630, NULL, '2019-03-10 17:39:41', '2019-03-10 17:39:41'),
(169, 1, 2, 8, 'World’s Major Religions', 'Julito Varquez', 'dsr3', 3, 3, 1500, 1600, NULL, '2019-03-10 17:39:41', '2019-03-10 17:39:41'),
(170, 1, 2, 8, 'Management Accounting Part 1', 'Erlinda Mallari', 'dsr8', 3, 4, 1530, 1700, NULL, '2019-03-10 17:39:41', '2019-03-10 17:39:41'),
(171, 1, 2, 8, 'Management Accounting Part 1', 'Erlinda Mallari', 'dsr3', 3, 3, 1600, 1730, NULL, '2019-03-10 17:39:41', '2019-03-10 17:39:41'),
(172, 1, 2, 8, 'Business and Transfer Taxes', 'Erlinda Mallari', 'dsr1', 3, 4, 1030, 1200, NULL, '2019-03-10 17:39:41', '2019-03-10 17:39:41'),
(173, 1, 2, 8, 'Business and Transfer Taxes', 'Erlinda Mallari', 'comlabHS', 3, 5, 1030, 1200, NULL, '2019-03-10 17:39:41', '2019-03-10 17:39:41'),
(174, 1, 2, 8, 'Advance Financial Accounting & Reporting Part 1', 'Ammi Pineda', 'dsr5', 3, 5, 1230, 1530, NULL, '2019-03-10 17:39:41', '2019-03-10 17:39:41'),
(175, 1, 2, 8, 'Production and Operations Management', 'MaryAnn Cruz', 'comlabElem', 3, 2, 900, 1030, NULL, '2019-03-10 17:39:41', '2019-03-10 17:39:41'),
(176, 1, 2, 8, 'Production and Operations Management', 'MaryAnn Cruz', 'comlabA', 3, 5, 900, 1030, NULL, '2019-03-10 17:39:41', '2019-03-10 17:39:41'),
(177, 1, 2, 8, 'IT Concepts and Systems Analysis and Design', 'Sharene Labung', 'comlabA', 3, 2, 1100, 1230, NULL, '2019-03-10 17:39:41', '2019-03-10 17:39:41'),
(178, 1, 2, 8, 'IT Concepts and Systems Analysis and Design', 'Sharene Labung', 'comlabHS', 3, 3, 900, 1030, NULL, '2019-03-10 17:39:41', '2019-03-10 17:39:41'),
(179, 1, 2, 8, 'Quantitative Techniques in Business', 'Richard Javier', 'dsr5', 3, 4, 700, 800, NULL, '2019-03-10 17:39:41', '2019-03-10 17:39:41'),
(180, 1, 2, 8, 'Quantitative Techniques in Business', 'Richard Javier', 'dsr12', 3, 5, 700, 800, NULL, '2019-03-10 17:39:41', '2019-03-10 17:39:41'),
(181, 1, 2, 8, 'Quantitative Techniques in Business', 'Richard Javier', 'dsr4', 3, 3, 700, 800, NULL, '2019-03-10 17:39:41', '2019-03-10 17:39:41'),
(182, 1, 2, 8, 'Philippine Literature/Panitikan ng Pilipinas', 'John Orbista', 'dsr4', 3, 3, 1300, 1430, NULL, '2019-03-10 17:39:41', '2019-03-10 17:39:41'),
(183, 1, 2, 8, 'Philippine Literature/Panitikan ng Pilipinas', 'John Orbista', 'dsr7', 3, 2, 730, 900, NULL, '2019-03-10 17:39:41', '2019-03-10 17:39:41'),
(184, 1, 2, 8, 'Introduction to Philosophy with Logic and Critical Thinking', 'Lita Bueno', 'dsr12', 3, 4, 900, 1030, NULL, '2019-03-10 17:39:41', '2019-03-10 17:39:41'),
(185, 1, 2, 8, 'Introduction to Philosophy with Logic and Critical Thinking', 'Lita Bueno', 'dsr11', 3, 4, 1300, 1430, NULL, '2019-03-10 17:39:41', '2019-03-10 17:39:41'),
(186, 1, 2, 8, 'Religious Cults and Practices', 'Gilbert Fruel', 'dsr10', 4, 2, 1700, 1800, NULL, '2019-03-10 17:57:05', '2019-03-10 17:57:05'),
(187, 1, 2, 8, 'Religious Cults and Practices', 'Gilbert Fruel', 'dsr3', 4, 3, 1300, 1400, NULL, '2019-03-10 17:57:05', '2019-03-10 17:57:05'),
(188, 1, 2, 8, 'Accounting for Gov’t, Not-for-Profit Entities and Specialized Industries', 'Rosemarie Dimaranan', 'dsr2', 4, 6, 700, 1000, NULL, '2019-03-10 17:57:05', '2019-03-10 17:57:05'),
(189, 1, 2, 8, 'Advanced Computer Application for Accountants', 'Sharene Labung', 'comlabA', 4, 3, 1400, 1530, NULL, '2019-03-10 17:57:05', '2019-03-10 17:57:05'),
(190, 1, 2, 8, 'Advanced Computer Application for Accountants', 'Sharene Labung', 'comlabA', 4, 5, 1400, 1530, NULL, '2019-03-10 17:57:05', '2019-03-10 17:57:05'),
(191, 1, 2, 8, 'Human Behavior in Organization', 'MaryAnn Cruz', 'comlabA', 4, 5, 1530, 1700, NULL, '2019-03-10 17:57:05', '2019-03-10 17:57:05'),
(192, 1, 2, 8, 'Human Behavior in Organization', 'MaryAnn Cruz', 'comlabA', 4, 2, 1530, 1700, NULL, '2019-03-10 17:57:05', '2019-03-10 17:57:05'),
(193, 1, 2, 8, 'Business Policy and Strategy', 'MaryAnn Cruz', 'comlabA', 4, 5, 1230, 1400, NULL, '2019-03-10 17:57:05', '2019-03-10 17:57:05'),
(194, 1, 2, 8, 'Business Policy and Strategy', 'MaryAnn Cruz', 'dsr12', 4, 2, 1230, 1400, NULL, '2019-03-10 17:57:05', '2019-03-10 17:57:05'),
(195, 1, 2, 8, 'Sales, Agency, labor and Other Commercial Laws', 'Atty.Lamberto Bonifacio', 'dsr8', 4, 5, 1830, 2000, NULL, '2019-03-10 17:57:05', '2019-03-10 17:57:05'),
(196, 1, 2, 8, 'Sales, Agency, labor and Other Commercial Laws', 'Atty.Lamberto Bonifacio', 'dsr5', 4, 3, 1700, 1830, NULL, '2019-03-10 17:57:05', '2019-03-10 17:57:05'),
(197, 1, 1, 1, 'Christian Teachings 1', 'Gilbert Fruel', 'dsr1', 1, 1, 1200, 1300, NULL, '2019-03-10 21:33:33', '2019-03-10 21:33:33'),
(198, 1, 1, 1, 'Christian Teachings 1', 'Gilbert Fruel', 'dsr3', 1, 5, 1130, 1230, NULL, '2019-03-10 21:33:33', '2019-03-10 21:33:33'),
(199, 1, 1, 1, 'National Service Training Program 1', 'Richard Javier', 'dsr16', 1, 5, 830, 1000, NULL, '2019-03-10 21:33:33', '2019-03-10 21:33:33'),
(200, 1, 1, 1, 'National Service Training Program 1', 'Richard Javier', 'dsr3', 1, 1, 1000, 1130, NULL, '2019-03-10 21:33:33', '2019-03-10 21:33:33'),
(201, 1, 1, 1, 'Physical Fitness and Gymnastics', 'Kesiah Cruz', 'dsr5', 1, 2, 1630, 1830, NULL, '2019-03-10 21:33:33', '2019-03-10 21:33:33'),
(202, 1, 1, 1, 'Introduction to Computing', 'Sharene Labung', 'comlabA', 1, 4, 1300, 1430, NULL, '2019-03-10 21:33:33', '2019-03-10 21:33:33'),
(203, 1, 1, 1, 'Introduction to Computing', 'Sharene Labung', 'comlabHS', 1, 5, 1300, 1430, NULL, '2019-03-10 21:33:33', '2019-03-10 21:33:33'),
(204, 1, 1, 1, 'Fundamentals of Information Systems', 'Sharene Labung', 'comlabA', 1, 4, 1630, 1800, NULL, '2019-03-10 21:33:33', '2019-03-10 21:33:33'),
(205, 1, 1, 1, 'Fundamentals of Information Systems', 'Sharene Labung', 'comlabA', 1, 1, 800, 930, NULL, '2019-03-10 21:33:33', '2019-03-10 21:33:33'),
(206, 1, 1, 1, 'Professional Skills in ICT', 'Sharene Labung', 'comlabA', 1, 5, 1700, 1830, NULL, '2019-03-10 21:33:33', '2019-03-10 21:33:33'),
(207, 1, 1, 1, 'Professional Skills in ICT', 'Sharene Labung', 'comlabA', 1, 3, 900, 1030, NULL, '2019-03-10 21:33:33', '2019-03-10 21:33:33'),
(208, 1, 1, 1, 'Computer Programming 1', 'Jerreck Navalta', 'comlabHS', 1, 2, 1030, 1200, NULL, '2019-03-10 21:33:33', '2019-03-10 21:33:33'),
(209, 1, 1, 1, 'Computer Programming 1', 'Jerreck Navalta', 'comlabHS', 1, 4, 1630, 1800, NULL, '2019-03-10 21:33:33', '2019-03-10 21:33:33'),
(210, 1, 1, 1, 'Computer Programming 1', 'Jerreck Navalta', 'comlabHS', 1, 3, 1600, 1700, NULL, '2019-03-10 21:33:33', '2019-03-10 21:33:33'),
(211, 1, 1, 1, 'Computer Programming 1', 'Jerreck Navalta', 'comlabHS', 1, 3, 1130, 1230, NULL, '2019-03-10 21:33:33', '2019-03-10 21:33:33'),
(212, 1, 1, 1, 'Mathematics in the Modern World', 'Richard Javier', 'MPH', 1, 2, 830, 1000, NULL, '2019-03-10 21:33:33', '2019-03-10 21:33:33'),
(213, 1, 1, 1, 'Mathematics in the Modern World', 'Richard Javier', 'dsr6', 1, 3, 730, 900, NULL, '2019-03-10 21:33:33', '2019-03-10 21:33:33'),
(214, 1, 1, 1, 'Panitikan ng Pilipinas / Philippine Literature', 'John Orbista', 'dsr14', 1, 3, 1700, 1830, NULL, '2019-03-10 21:33:33', '2019-03-10 21:33:33'),
(215, 1, 1, 1, 'Panitikan ng Pilipinas / Philippine Literature', 'John Orbista', 'dsr11', 1, 5, 1530, 1700, NULL, '2019-03-10 21:33:33', '2019-03-10 21:33:33'),
(216, 1, 1, 1, 'Understanding the Self ', 'MaryAnn Cruz', 'comlabA', 1, 5, 700, 830, NULL, '2019-03-10 21:33:33', '2019-03-10 21:33:33'),
(217, 1, 1, 1, 'Understanding the Self ', 'MaryAnn Cruz', 'comlabA', 1, 2, 700, 830, NULL, '2019-03-10 21:33:33', '2019-03-10 21:33:33'),
(218, 1, 1, 7, 'Christian Teachings 1', 'Gilbert Fruel', 'dsr1', 1, 1, 1200, 1300, NULL, NULL, NULL),
(219, 1, 1, 7, 'Christian Teachings 1', 'Gilbert Fruel', 'dsr3', 1, 5, 1130, 1230, NULL, NULL, NULL),
(220, 1, 1, 7, 'National Service Training Program 1', 'Richard Javier', 'dsr16', 1, 5, 830, 1000, NULL, NULL, NULL),
(221, 1, 1, 7, 'National Service Training Program 1', 'Richard Javier', 'dsr3', 1, 1, 1000, 1130, NULL, NULL, NULL),
(222, 1, 1, 7, 'Physical Fitness and Gymnastics', 'Kesiah Cruz', 'dsr5', 1, 2, 1630, 1830, NULL, NULL, NULL),
(223, 1, 1, 7, 'Introduction to Computing', 'Sharene Labung', 'comlabA', 1, 4, 1300, 1430, NULL, NULL, NULL),
(224, 1, 1, 7, 'Introduction to Computing', 'Sharene Labung', 'comlabHS', 1, 5, 1300, 1430, NULL, NULL, NULL),
(225, 1, 1, 7, 'Fundamentals of Information Systems', 'Sharene Labung', 'comlabA', 1, 4, 1630, 1800, NULL, NULL, NULL),
(226, 1, 1, 7, 'Fundamentals of Information Systems', 'Sharene Labung', 'comlabA', 1, 1, 800, 930, NULL, NULL, NULL),
(227, 1, 1, 7, 'Professional Skills in ICT', 'Sharene Labung', 'comlabA', 1, 5, 1700, 1830, NULL, NULL, NULL),
(228, 1, 1, 7, 'Professional Skills in ICT', 'Sharene Labung', 'comlabA', 1, 3, 900, 1030, NULL, NULL, NULL),
(229, 1, 1, 7, 'Computer Programming 1', 'Jerreck Navalta', 'comlabHS', 1, 2, 1030, 1200, NULL, NULL, NULL),
(230, 1, 1, 7, 'Computer Programming 1', 'Jerreck Navalta', 'comlabHS', 1, 4, 1630, 1800, NULL, NULL, NULL),
(231, 1, 1, 7, 'Computer Programming 1', 'Jerreck Navalta', 'comlabHS', 1, 3, 1600, 1700, NULL, NULL, NULL),
(232, 1, 1, 7, 'Computer Programming 1', 'Jerreck Navalta', 'comlabHS', 1, 3, 1130, 1230, NULL, NULL, NULL),
(233, 1, 1, 7, 'Mathematics in the Modern World', 'Richard Javier', 'MPH', 1, 2, 830, 1000, NULL, NULL, NULL),
(234, 1, 1, 7, 'Mathematics in the Modern World', 'Richard Javier', 'dsr6', 1, 3, 730, 900, NULL, NULL, NULL),
(235, 1, 1, 7, 'Panitikan ng Pilipinas / Philippine Literature', 'John Orbista', 'dsr14', 1, 3, 1700, 1830, NULL, NULL, NULL),
(236, 1, 1, 7, 'Panitikan ng Pilipinas / Philippine Literature', 'John Orbista', 'dsr11', 1, 5, 1530, 1700, NULL, NULL, NULL),
(237, 1, 1, 7, 'Understanding the Self ', 'MaryAnn Cruz', 'comlabA', 1, 5, 700, 830, NULL, NULL, NULL),
(238, 1, 1, 7, 'Understanding the Self ', 'MaryAnn Cruz', 'comlabA', 1, 2, 700, 830, NULL, NULL, NULL),
(239, 1, 1, 2, 'Christina Teachings 1', 'Gilbert Fruel', 'dsr1', 1, 3, 1230, 1330, NULL, '2019-03-10 22:38:49', '2019-03-10 22:38:49'),
(240, 1, 1, 2, 'Christina Teachings 1', 'Gilbert Fruel', 'dsr3', 1, 2, 1300, 1400, NULL, '2019-03-10 22:38:49', '2019-03-10 22:38:49'),
(241, 1, 1, 2, 'National Service Training Program', 'Richard Javier', 'MPH', 1, 5, 1000, 1130, NULL, '2019-03-10 22:38:49', '2019-03-10 22:38:49'),
(242, 1, 1, 2, 'National Service Training Program', 'Richard Javier', 'dsr3', 1, 2, 1030, 1200, NULL, '2019-03-10 22:38:49', '2019-03-10 22:38:49'),
(243, 1, 1, 2, 'Physical Fitness', 'Kesiah Cruz', 'dsr4', 1, 3, 1600, 1800, NULL, '2019-03-10 22:38:49', '2019-03-10 22:38:49'),
(244, 1, 1, 2, 'Introduction to Communication and Media', 'Carolinne Laguinto', 'dsr5', 1, 6, 800, 1100, NULL, '2019-03-10 22:38:49', '2019-03-10 22:38:49'),
(245, 1, 1, 2, 'Life and Works of Rizal', 'John Orbista', 'dsr5', 1, 1, 1330, 1500, NULL, '2019-03-10 22:38:49', '2019-03-10 22:38:49'),
(246, 1, 1, 2, 'Life and Works of Rizal', 'John Orbista', 'dsr8', 1, 5, 1330, 1500, NULL, '2019-03-10 22:38:49', '2019-03-10 22:38:49'),
(247, 1, 1, 2, 'Purposive Communication', 'Ammi Pineda', 'dsr5', 1, 5, 1130, 1300, NULL, '2019-03-10 22:38:49', '2019-03-10 22:38:49'),
(248, 1, 1, 2, 'Purposive Communication', 'Ammi Pineda', 'dsr4', 1, 3, 900, 1030, NULL, '2019-03-10 22:38:49', '2019-03-10 22:38:49'),
(249, 1, 1, 2, 'Panitikan ng Pilipinas / Philippine Literature', 'John Orbista', 'dsr5', 1, 3, 1400, 1530, NULL, '2019-03-10 22:38:49', '2019-03-10 22:38:49'),
(250, 1, 1, 2, 'Panitikan ng Pilipinas / Philippine Literature', 'John Orbista', 'dsr7', 1, 1, 1530, 1700, NULL, '2019-03-10 22:38:49', '2019-03-10 22:38:49'),
(251, 1, 1, 2, 'Understanding the Self ', 'MaryAnn Cruz', 'comlabA', 1, 2, 1530, 1700, NULL, '2019-03-10 22:38:49', '2019-03-10 22:38:49'),
(252, 1, 1, 2, 'Understanding the Self ', 'MaryAnn Cruz', 'comlabA', 1, 5, 1530, 1700, NULL, '2019-03-10 22:38:49', '2019-03-10 22:38:49'),
(253, 1, 1, 2, 'Reading in Philippine History', 'Marben Adova', 'dsr11', 1, 2, 1400, 1500, NULL, '2019-03-10 22:38:49', '2019-03-10 22:38:49'),
(254, 1, 1, 2, 'Reading in Philippine History', 'Marben Adova', 'dsr7', 1, 1, 1700, 1800, NULL, '2019-03-10 22:38:49', '2019-03-10 22:38:49'),
(255, 1, 1, 2, 'Reading in Philippine History', 'Marben Adova', 'dsr2', 1, 5, 1700, 1800, NULL, '2019-03-10 22:38:49', '2019-03-10 22:38:49'),
(256, 1, 1, 2, 'Broadcast Research', 'John Orbista', 'dsr1', 4, 4, 1430, 1530, NULL, '2019-03-11 04:10:09', '2019-03-11 04:10:09'),
(257, 1, 1, 2, 'Christian Morality and Ethics', 'Gilbert Fruel', 'dsr1', 4, 3, 1430, 1530, NULL, '2019-03-11 04:10:09', '2019-03-11 04:10:09'),
(258, 1, 1, 2, 'Production Design', 'Jennifer Sanidad', 'dsr5', 4, 3, 1630, 1830, NULL, '2019-03-11 04:10:09', '2019-03-11 04:10:09'),
(259, 1, 1, 2, 'Development Broadcasting', 'Carolinne Laguinto', 'dsr6', 4, 1, 1400, 1600, NULL, '2019-03-11 04:10:09', '2019-03-11 04:10:09'),
(260, 1, 1, 2, 'Foreign Language', 'PeterPaul Matola', 'dsr6', 4, 1, 1100, 1200, NULL, '2019-03-11 04:10:09', '2019-03-11 04:10:09'),
(261, 1, 1, 3, 'Physical Fitness and Gymnastics', 'Kesiah Cruz', 'dsr1', 1, 3, 1600, 1800, NULL, '2019-03-14 19:02:43', '2019-03-14 19:02:43'),
(262, 1, 1, 3, 'Readings in the Philippine History', 'Marben Adova', 'dsr2', 1, 3, 1800, 1970, NULL, '2019-03-14 19:02:43', '2019-03-14 19:02:43'),
(263, 1, 1, 3, 'Readings in the Philippine History', 'Marben Adova', 'dsr3', 1, 2, 1800, 1930, NULL, '2019-03-14 19:02:43', '2019-03-14 19:02:43'),
(264, 1, 1, 3, 'Financial Accounting and Reporting', 'Kristine Jimenez', 'dsr7', 1, 5, 1600, 1770, NULL, '2019-03-14 19:02:43', '2019-03-14 19:02:43'),
(265, 1, 1, 3, 'Financial Accounting and Reporting', 'Kristine Jimenez', 'dsr6', 1, 2, 1600, 1730, NULL, '2019-03-14 19:02:43', '2019-03-14 19:02:43'),
(266, 1, 1, 3, 'Financial Accounting and Reporting', 'Kristine Jimenez', 'dsr12', 1, 3, 1400, 1600, NULL, '2019-03-14 19:02:43', '2019-03-14 19:02:43'),
(267, 1, 1, 3, 'Managerial Economics', 'MaryAnn Cruz', 'comlabA', 1, 2, 1400, 1570, NULL, '2019-03-14 19:02:43', '2019-03-14 19:02:43'),
(268, 1, 1, 3, 'Managerial Economics', 'MaryAnn Cruz', 'comlabA', 1, 5, 1400, 1570, NULL, '2019-03-14 19:02:43', '2019-03-14 19:02:43'),
(269, 1, 1, 3, 'Christian Teaching 1', 'Gilbert Fruel', 'dsr8', 1, 2, 1400, 1500, NULL, '2019-03-14 19:02:43', '2019-03-14 19:02:43'),
(270, 1, 1, 3, 'Christian Teaching 1', 'Gilbert Fruel', 'dsr11', 1, 3, 1230, 1330, NULL, '2019-03-14 19:02:43', '2019-03-14 19:02:43'),
(271, 1, 1, 3, 'National Service Training Program 1', 'Richard Javier', 'dsr16', 1, 5, 1000, 1130, NULL, '2019-03-14 19:02:43', '2019-03-14 19:02:43'),
(272, 1, 1, 3, 'National Service Training Program 1', 'Richard Javier', 'dsr16', 1, 2, 1000, 1170, NULL, '2019-03-14 19:02:43', '2019-03-14 19:02:43'),
(273, 1, 1, 3, 'Mathematics in the Modern World', 'Richard Javier', 'dsr11', 1, 1, 1730, 1900, NULL, '2019-03-14 19:02:43', '2019-03-14 19:02:43'),
(274, 1, 1, 3, 'Mathematics in the Modern World', 'Richard Javier', 'dsr4', 1, 5, 1230, 1360, NULL, '2019-03-14 19:02:43', '2019-03-14 19:02:43'),
(275, 1, 1, 3, 'The Contemporary World', 'Marben Adova', 'dsr9', 1, 1, 1400, 1570, NULL, '2019-03-14 19:02:43', '2019-03-14 19:02:43'),
(276, 1, 1, 3, 'The Contemporary World', 'Marben Adova', 'dsr7', 1, 4, 1400, 1530, NULL, '2019-03-14 19:02:43', '2019-03-14 19:02:43'),
(277, 1, 1, 3, 'Understanding the Self ', 'MaryAnn Cruz', 'dsr9', 1, 1, 1600, 1730, NULL, '2019-03-14 19:02:43', '2019-03-14 19:02:43'),
(278, 1, 1, 3, 'Understanding the Self ', 'MaryAnn Cruz', 'dsr8', 1, 4, 1600, 1730, NULL, '2019-03-14 19:02:43', '2019-03-14 19:02:43'),
(279, 1, 1, 3, 'Bible Science 2', 'Rommel Alba', 'dsr1', 3, 1, 1400, 1500, NULL, '2019-03-14 21:15:22', '2019-03-14 21:15:22'),
(280, 1, 1, 3, 'Bible Science 2', 'Rommel Alba', 'dsr3', 3, 4, 1030, 1130, NULL, '2019-03-14 21:15:22', '2019-03-14 21:15:22'),
(281, 1, 1, 3, 'Financial Accounting & Reporting Part 3', 'Erlinda Mallari', 'dsr6', 3, 4, 800, 970, NULL, '2019-03-14 21:15:22', '2019-03-14 21:15:22'),
(282, 1, 1, 3, 'Financial Accounting & Reporting Part 3', 'Erlinda Mallari', 'dsr6', 3, 5, 800, 970, NULL, '2019-03-14 21:15:22', '2019-03-14 21:15:22'),
(283, 1, 1, 3, 'Cost Accounting and Cost Management', 'Erlinda Mallari', 'dsr5', 3, 5, 1630, 1800, NULL, '2019-03-14 21:15:22', '2019-03-14 21:15:22'),
(284, 1, 1, 3, 'Cost Accounting and Cost Management', 'Erlinda Mallari', 'dsr6', 3, 4, 1630, 1800, NULL, '2019-03-14 21:15:22', '2019-03-14 21:15:22'),
(285, 1, 1, 3, 'Cost Accounting and Cost Management', 'Erlinda Mallari', 'dsr5', 3, 3, 1630, 1830, NULL, '2019-03-14 21:15:22', '2019-03-14 21:15:22'),
(286, 1, 1, 3, 'Income Taxation', 'Rosemarie Dimaranan', 'dsr8', 3, 6, 1400, 1700, NULL, '2019-03-14 21:15:22', '2019-03-14 21:15:22'),
(287, 1, 1, 3, 'Law on Business Organization', 'Atty.Lamberto Bonifacio', 'dsr12', 3, 1, 1700, 1830, NULL, '2019-03-14 21:15:22', '2019-03-14 21:15:22'),
(288, 1, 1, 3, 'Law on Business Organization', 'Atty.Lamberto Bonifacio', 'dsr3', 3, 2, 1700, 1870, NULL, '2019-03-14 21:15:22', '2019-03-14 21:15:22'),
(289, 1, 1, 3, 'Business Statistics w/ Computer Applications ', 'Richard Javier', 'dsr13', 3, 3, 1500, 1670, NULL, '2019-03-14 21:15:22', '2019-03-14 21:15:22'),
(290, 1, 1, 3, 'Business Statistics w/ Computer Applications ', 'Richard Javier', 'dsr4', 3, 5, 1400, 1530, NULL, '2019-03-14 21:15:22', '2019-03-14 21:15:22'),
(291, 1, 1, 3, 'Macroeconomics Theory and Practice', 'MaryAnn Cruz', 'comlabA', 3, 5, 1030, 1200, NULL, '2019-03-14 21:15:22', '2019-03-14 21:15:22'),
(292, 1, 1, 3, 'Macroeconomics Theory and Practice', 'MaryAnn Cruz', 'comlabA', 3, 2, 1030, 1160, NULL, '2019-03-14 21:15:22', '2019-03-14 21:15:22'),
(293, 1, 1, 3, 'Technical Writing: Business and Accounting Applications', 'John Orbista', 'dsr7', 3, 4, 1430, 1560, NULL, '2019-03-14 21:15:22', '2019-03-14 21:15:22'),
(294, 1, 1, 3, 'Technical Writing: Business and Accounting Applications', 'John Orbista', 'dsr2', 3, 2, 1430, 1560, NULL, '2019-03-14 21:15:22', '2019-03-14 21:15:22'),
(295, 1, 1, 8, 'Physical Fitness and Gymnastics', 'Kesiah Cruz', 'dsr1', 1, 3, 1600, 1800, NULL, NULL, NULL),
(296, 1, 1, 8, 'Readings in the Philippine History', 'Marben Adova', 'dsr2', 1, 3, 1800, 1970, NULL, NULL, NULL),
(297, 1, 1, 8, 'Readings in the Philippine History', 'Marben Adova', 'dsr3', 1, 2, 1800, 1930, NULL, NULL, NULL),
(298, 1, 1, 8, 'Financial Accounting and Reporting', 'Kristine Jimenez', 'dsr7', 1, 5, 1600, 1770, NULL, NULL, NULL),
(299, 1, 1, 8, 'Financial Accounting and Reporting', 'Kristine Jimenez', 'dsr6', 1, 2, 1600, 1730, NULL, NULL, NULL),
(300, 1, 1, 8, 'Financial Accounting and Reporting', 'Kristine Jimenez', 'dsr12', 1, 3, 1400, 1600, NULL, NULL, NULL),
(301, 1, 1, 8, 'Managerial Economics', 'MaryAnn Cruz', 'comlabA', 1, 2, 1400, 1570, NULL, NULL, NULL),
(302, 1, 1, 8, 'Managerial Economics', 'MaryAnn Cruz', 'comlabA', 1, 5, 1400, 1570, NULL, NULL, NULL),
(303, 1, 1, 8, 'Christian Teaching 1', 'Gilbert Fruel', 'dsr8', 1, 2, 1400, 1500, NULL, NULL, NULL),
(304, 1, 1, 8, 'Christian Teaching 1', 'Gilbert Fruel', 'dsr11', 1, 3, 1230, 1330, NULL, NULL, NULL),
(305, 1, 1, 8, 'National Service Training Program 1', 'Richard Javier', 'dsr16', 1, 5, 1000, 1130, NULL, NULL, NULL),
(306, 1, 1, 8, 'National Service Training Program 1', 'Richard Javier', 'dsr16', 1, 2, 1000, 1170, NULL, NULL, NULL),
(307, 1, 1, 8, 'Mathematics in the Modern World', 'Richard Javier', 'dsr11', 1, 1, 1730, 1900, NULL, NULL, NULL),
(308, 1, 1, 8, 'Mathematics in the Modern World', 'Richard Javier', 'dsr4', 1, 5, 1230, 1360, NULL, NULL, NULL),
(309, 1, 1, 8, 'The Contemporary World', 'Marben Adova', 'dsr9', 1, 1, 1400, 1570, NULL, NULL, NULL),
(310, 1, 1, 8, 'The Contemporary World', 'Marben Adova', 'dsr7', 1, 4, 1400, 1530, NULL, NULL, NULL),
(311, 1, 1, 8, 'Understanding the Self ', 'MaryAnn Cruz', 'dsr9', 1, 1, 1600, 1730, NULL, NULL, NULL),
(312, 1, 1, 8, 'Understanding the Self ', 'MaryAnn Cruz', 'dsr8', 1, 4, 1600, 1730, NULL, NULL, NULL),
(313, 1, 1, 8, 'Bible Science 2', 'Rommel Alba', 'dsr1', 3, 1, 1400, 1500, NULL, NULL, NULL),
(314, 1, 1, 8, 'Bible Science 2', 'Rommel Alba', 'dsr3', 3, 4, 1030, 1130, NULL, NULL, NULL),
(315, 1, 1, 8, 'Financial Accounting & Reporting Part 3', 'Erlinda Mallari', 'dsr6', 3, 4, 800, 970, NULL, NULL, NULL),
(316, 1, 1, 8, 'Financial Accounting & Reporting Part 3', 'Erlinda Mallari', 'dsr6', 3, 5, 800, 970, NULL, NULL, NULL),
(317, 1, 1, 8, 'Cost Accounting and Cost Management', 'Erlinda Mallari', 'dsr5', 3, 5, 1630, 1800, NULL, NULL, NULL),
(318, 1, 1, 8, 'Cost Accounting and Cost Management', 'Erlinda Mallari', 'dsr6', 3, 4, 1630, 1800, NULL, NULL, NULL),
(319, 1, 1, 8, 'Cost Accounting and Cost Management', 'Erlinda Mallari', 'dsr5', 3, 3, 1630, 1830, NULL, NULL, NULL),
(320, 1, 1, 8, 'Income Taxation', 'Rosemarie Dimaranan', 'dsr8', 3, 6, 1400, 1700, NULL, NULL, NULL),
(321, 1, 1, 8, 'Law on Business Organization', 'Atty.Lamberto Bonifacio', 'dsr12', 3, 1, 1700, 1830, NULL, NULL, NULL),
(322, 1, 1, 8, 'Law on Business Organization', 'Atty.Lamberto Bonifacio', 'dsr3', 3, 2, 1700, 1870, NULL, NULL, NULL),
(323, 1, 1, 8, 'Business Statistics w/ Computer Applications ', 'Richard Javier', 'dsr13', 3, 3, 1500, 1670, NULL, NULL, NULL),
(324, 1, 1, 8, 'Business Statistics w/ Computer Applications ', 'Richard Javier', 'dsr4', 3, 5, 1400, 1530, NULL, NULL, NULL),
(325, 1, 1, 8, 'Macroeconomics Theory and Practice', 'MaryAnn Cruz', 'comlabA', 3, 5, 1030, 1200, NULL, NULL, NULL),
(326, 1, 1, 8, 'Macroeconomics Theory and Practice', 'MaryAnn Cruz', 'comlabA', 3, 2, 1030, 1160, NULL, NULL, NULL),
(327, 1, 1, 8, 'Technical Writing: Business and Accounting Applications', 'John Orbista', 'dsr7', 3, 4, 1430, 1560, NULL, NULL, NULL),
(328, 1, 1, 8, 'Technical Writing: Business and Accounting Applications', 'John Orbista', 'dsr2', 3, 2, 1430, 1560, NULL, NULL, NULL),
(329, 1, 1, 5, 'Christian Teachings 1', 'Gilbert Fruel', 'dsr6', 1, 1, 1200, 1300, NULL, '2019-03-14 22:01:35', '2019-03-14 22:01:35'),
(330, 1, 1, 5, 'Christian Teachings 1', 'Gilbert Fruel', 'dsr3', 1, 5, 1030, 1130, NULL, '2019-03-14 22:01:35', '2019-03-14 22:01:35'),
(331, 1, 1, 5, 'National Service Training Program 1', 'Richard Javier', 'dsr7', 1, 5, 830, 960, NULL, '2019-03-14 22:01:35', '2019-03-14 22:01:35'),
(332, 1, 1, 5, 'National Service Training Program 1', 'Richard Javier', 'dsr14', 1, 1, 1000, 1170, NULL, '2019-03-14 22:01:35', '2019-03-14 22:01:35'),
(333, 1, 1, 5, 'Physical Fitness', 'Kesiah Cruz', 'dsr1', 1, 3, 1600, 1800, NULL, '2019-03-14 22:01:35', '2019-03-14 22:01:35'),
(334, 1, 1, 5, 'Knowledge & Philosophical Foundation of the SW Profession', 'Raquel Umbalin', 'dsr8', 1, 6, 800, 1100, NULL, '2019-03-14 22:01:35', '2019-03-14 22:01:35'),
(335, 1, 1, 5, 'Panitikan ng Pilipinas / Philippine Literature', 'John Orbista', 'dsr13', 1, 1, 1530, 1700, NULL, '2019-03-14 22:01:35', '2019-03-14 22:01:35'),
(336, 1, 1, 5, 'Panitikan ng Pilipinas / Philippine Literature', 'John Orbista', 'dsr6', 1, 3, 1400, 1570, NULL, '2019-03-14 22:01:35', '2019-03-14 22:01:35'),
(337, 1, 1, 5, 'Mathematics in the Modern World', 'Richard Javier', 'dsr3', 1, 5, 1230, 1400, NULL, '2019-03-14 22:01:35', '2019-03-14 22:01:35'),
(338, 1, 1, 5, 'Mathematics in the Modern World', 'Richard Javier', 'dsr4', 1, 1, 1730, 1860, NULL, '2019-03-14 22:01:35', '2019-03-14 22:01:35'),
(339, 1, 1, 5, 'Purposive Communication', 'Ammi Pineda', 'dsr5', 1, 1, 1400, 1570, NULL, '2019-03-14 22:01:35', '2019-03-14 22:01:35'),
(340, 1, 1, 5, 'Purposive Communication', 'Ammi Pineda', 'dsr7', 1, 5, 1400, 1530, NULL, '2019-03-14 22:01:35', '2019-03-14 22:01:35'),
(341, 1, 1, 5, 'Understanding the Self ', 'MaryAnn Cruz', 'comlabA', 1, 2, 1530, 1700, NULL, '2019-03-14 22:01:35', '2019-03-14 22:01:35'),
(342, 1, 1, 5, 'Understanding the Self ', 'MaryAnn Cruz', 'comlabA', 1, 5, 1530, 1660, NULL, '2019-03-14 22:01:35', '2019-03-14 22:01:35'),
(343, 1, 1, 5, 'Readings in Philippine History', 'Marben Adova', 'MPH', 1, 3, 1800, 1970, NULL, '2019-03-14 22:01:35', '2019-03-14 22:01:35'),
(344, 1, 1, 5, 'Readings in Philippine History', 'Marben Adova', 'dsr9', 1, 2, 1800, 1930, NULL, '2019-03-14 22:01:35', '2019-03-14 22:01:35'),
(345, 1, 1, 5, 'Social Work Research 2', 'Raquel Umbalin', 'dsr1', 4, 6, 1300, 1600, NULL, '2019-03-14 22:22:48', '2019-03-14 22:22:48'),
(346, 1, 1, 5, 'Field Instruction I', 'Annabelle Bercasio', 'dsr7', 4, 6, 1600, 1870, NULL, '2019-03-14 22:22:48', '2019-03-14 22:22:48'),
(347, 1, 1, 5, 'Field Instruction I', 'Annabelle Bercasio', 'dsr6', 4, 6, 800, 1030, NULL, '2019-03-14 22:22:48', '2019-03-14 22:22:48'),
(348, 1, 1, 5, 'Social Work Counseling', 'George deMesa', 'dsr1', 3, 6, 900, 1200, NULL, '2019-03-15 02:57:13', '2019-03-15 02:57:13'),
(349, 1, 1, 5, 'Social Work Practice', 'George deMesa', 'dsr7', 3, 6, 1300, 1600, NULL, '2019-03-15 02:57:13', '2019-03-15 02:57:13'),
(350, 1, 1, 5, 'Intro. To Philo with Logic and Critical Thinking', 'Lito Bueno', 'dsr15', 3, 4, 1500, 1800, NULL, '2019-03-15 02:57:13', '2019-03-15 02:57:13'),
(351, 1, 1, 5, 'Social Welfare Agency Administration', 'Lea Solis', 'dsr6', 3, 2, 1500, 1800, NULL, '2019-03-15 02:57:13', '2019-03-15 02:57:13'),
(352, 1, 1, 5, 'Environmental Science', 'Fatima Magtalas', 'dsr15', 3, 3, 1430, 1530, NULL, '2019-03-15 02:57:13', '2019-03-15 02:57:13'),
(353, 1, 1, 5, 'Environmental Science', 'Fatima Magtalas', 'dsr6', 3, 2, 1400, 1500, NULL, '2019-03-15 02:57:13', '2019-03-15 02:57:13'),
(354, 1, 1, 5, 'CL 5', 'Julito Varquez', 'dsr14', 3, 1, 1500, 1600, NULL, '2019-03-15 02:57:13', '2019-03-15 02:57:13'),
(355, 1, 1, 5, 'CL 5', 'Julito Varquez', 'dsr3', 3, 3, 1630, 1730, NULL, '2019-03-15 02:57:13', '2019-03-15 02:57:13'),
(356, 1, 1, 5, 'Philippine Literature', 'John Orbista', 'dsr3', 3, 1, 1700, 1870, NULL, '2019-03-15 02:57:13', '2019-03-15 02:57:13'),
(357, 1, 1, 5, 'Philippine Literature', 'John Orbista', 'dsr4', 3, 4, 1300, 1430, NULL, '2019-03-15 02:57:13', '2019-03-15 02:57:13'),
(358, 1, 1, 5, 'Social Work Statistics', 'Richard Javier', 'dsr5', 3, 1, 1300, 1470, NULL, '2019-03-15 02:57:13', '2019-03-15 02:57:13'),
(359, 1, 1, 5, 'Social Work Statistics', 'Richard Javier', 'dsr8', 3, 3, 1300, 1430, NULL, '2019-03-15 02:57:13', '2019-03-15 02:57:13'),
(360, 1, 1, 3, 'Physical Science ', 'Fatima Magtalas', 'dsr4', 4, 4, 900, 1030, NULL, '2019-03-15 03:39:45', '2019-03-15 03:39:45'),
(361, 1, 1, 3, 'Physical Science ', 'Fatima Magtalas', 'MPH', 4, 5, 1400, 1530, NULL, '2019-03-15 03:39:45', '2019-03-15 03:39:45');
INSERT INTO `fixed_schedules` (`id`, `academic_year_id`, `semester`, `program_id`, `course_name`, `teacher_name`, `room_name`, `level`, `day`, `time_start`, `time_finish`, `deleted_at`, `created_at`, `updated_at`) VALUES
(362, 1, 1, 3, 'Human Behavior in Organization', 'MaryAnn Cruz', 'dsr14', 4, 2, 830, 1000, NULL, '2019-03-15 03:39:45', '2019-03-15 03:39:45'),
(363, 1, 1, 3, 'Human Behavior in Organization', 'MaryAnn Cruz', 'comlabA', 4, 5, 830, 960, NULL, '2019-03-15 03:39:45', '2019-03-15 03:39:45'),
(364, 1, 1, 3, 'Financial Management I', 'Jay Bermias', 'dsr5', 4, 6, 930, 1230, NULL, '2019-03-15 03:39:45', '2019-03-15 03:39:45'),
(365, 1, 1, 3, 'Accounting Information System', 'Kristine Jimenez', 'dsr5', 4, 2, 1030, 1160, NULL, '2019-03-15 03:39:45', '2019-03-15 03:39:45'),
(366, 1, 1, 3, 'Accounting Information System', 'Kristine Jimenez', 'dsr8', 4, 4, 1430, 1560, NULL, '2019-03-15 03:39:45', '2019-03-15 03:39:45'),
(367, 1, 1, 3, 'Advance Financial Accounting & Reporting Part 2', 'Erlinda Mallari', 'dsr6', 4, 4, 1000, 1170, NULL, '2019-03-15 03:39:45', '2019-03-15 03:39:45'),
(368, 1, 1, 3, 'Advance Financial Accounting & Reporting Part 2', 'Erlinda Mallari', 'dsr8', 4, 5, 1000, 1130, NULL, '2019-03-15 03:39:45', '2019-03-15 03:39:45'),
(369, 1, 1, 3, 'Management Accounting Part 2', 'Erlinda Mallari', 'dsr6', 4, 4, 1230, 1400, NULL, '2019-03-15 03:39:45', '2019-03-15 03:39:45'),
(370, 1, 1, 3, 'Management Accounting Part 2', 'Erlinda Mallari', 'dsr7', 4, 5, 1230, 1360, NULL, '2019-03-15 03:39:45', '2019-03-15 03:39:45'),
(371, 1, 1, 3, 'IT Concepts and Systems Analysis and Design', 'Sharene Labung', 'comlabB', 4, 3, 1400, 1530, NULL, '2019-03-15 03:39:45', '2019-03-15 03:39:45'),
(372, 1, 1, 3, 'IT Concepts and Systems Analysis and Design', 'Sharene Labung', 'comlabB', 4, 2, 1300, 1430, NULL, '2019-03-15 03:39:45', '2019-03-15 03:39:45'),
(373, 1, 1, 3, 'Christian Morality and Ethics', 'AbigailLav Ganadores', 'dsr3', 4, 2, 1430, 1530, NULL, '2019-03-15 03:39:45', '2019-03-15 03:39:45'),
(374, 1, 1, 3, 'Christian Morality and Ethics', 'AbigailLav Ganadores', 'dsr1', 4, 3, 1530, 1630, NULL, '2019-03-15 03:39:45', '2019-03-15 03:39:45'),
(375, 1, 1, 3, 'Basic Christian Doctrine 1', 'Julito Varquez', 'dsr1', 5, 4, 1600, 1700, NULL, '2019-03-15 04:03:02', '2019-03-15 04:03:02'),
(376, 1, 1, 3, 'Basic Christian Doctrine 1', 'Julito Varquez', 'dsr3', 5, 5, 1600, 1700, NULL, '2019-03-15 04:03:02', '2019-03-15 04:03:02'),
(377, 1, 1, 3, 'Auditing in CIS Environment', 'Eric Yumul', 'dsr2', 5, 6, 930, 1230, NULL, '2019-03-15 04:03:02', '2019-03-15 04:03:02'),
(378, 1, 1, 3, 'Applied Auditing', 'Eric Yumul', 'dsr15', 5, 6, 1330, 1930, NULL, '2019-03-15 04:03:02', '2019-03-15 04:03:02'),
(379, 1, 1, 3, 'Law on Negotiable Instrument', 'Atty.Lamberto Bonifacio', 'dsr6', 5, 4, 1730, 1900, NULL, '2019-03-15 04:03:02', '2019-03-15 04:03:02'),
(380, 1, 1, 3, 'Law on Negotiable Instrument', 'Atty.Lamberto Bonifacio', 'dsr5', 5, 5, 1700, 1830, NULL, '2019-03-15 04:03:02', '2019-03-15 04:03:02'),
(381, 1, 1, 3, 'Good Governance and Social Responsibility', 'Rosemarie Dimaranan', 'dsr5', 5, 7, 1500, 1800, NULL, '2019-03-15 04:03:02', '2019-03-15 04:03:02'),
(382, 1, 1, 3, 'Management Consultancy', 'Rosemarie Dimaranan', 'dsr6', 5, 6, 730, 830, NULL, '2019-03-15 04:03:02', '2019-03-15 04:03:02'),
(383, 1, 1, 3, 'Management Consultancy', 'Rosemarie Dimaranan', 'dsr13', 5, 7, 1400, 1500, NULL, '2019-03-15 04:03:02', '2019-03-15 04:03:02'),
(384, 1, 1, 8, 'Physical Science ', 'Fatima Magtalas', 'dsr3', 4, 5, 1600, 1700, NULL, '2019-03-15 04:30:41', '2019-03-15 04:30:41'),
(385, 1, 1, 8, 'Financial Management I', 'Jay Bermias', 'dsr15', 4, 6, 1400, 1700, NULL, '2019-03-15 04:30:41', '2019-03-15 04:30:41'),
(386, 1, 1, 8, 'Good Governance and Social Responsibility', 'Rosemarie Dimaranan', 'dsr8', 4, 6, 1000, 1300, NULL, '2019-03-15 04:30:41', '2019-03-15 04:30:41'),
(387, 1, 1, 8, 'Accounting Information System', 'Kristine Jimenez', 'dsr6', 4, 4, 1230, 1360, NULL, '2019-03-15 04:30:41', '2019-03-15 04:30:41'),
(388, 1, 1, 8, 'Accounting Information System', 'Kristine Jimenez', 'dsr7', 4, 3, 1230, 1400, NULL, '2019-03-15 04:30:41', '2019-03-15 04:30:41'),
(389, 1, 1, 8, 'Applied Auditing', 'Eric Yumul', 'dsr4', 4, 3, 1400, 1600, NULL, '2019-03-15 04:30:41', '2019-03-15 04:30:41'),
(390, 1, 1, 8, 'Applied Auditing', 'Eric Yumul', 'dsr6', 4, 4, 1400, 1570, NULL, '2019-03-15 04:30:41', '2019-03-15 04:30:41'),
(391, 1, 1, 8, 'Applied Auditing', 'Eric Yumul', 'dsr1', 4, 5, 1400, 1570, NULL, '2019-03-15 04:30:41', '2019-03-15 04:30:41'),
(392, 1, 1, 8, 'Christian Morality and Ethics', 'AbigailLav Ganadores', 'dsr3', 4, 4, 1600, 1700, NULL, '2019-03-15 04:30:41', '2019-03-15 04:30:41'),
(393, 1, 1, 8, 'Christian Morality and Ethics', 'AbigailLav Ganadores', 'dsr1', 4, 3, 1600, 1700, NULL, '2019-03-15 04:30:41', '2019-03-15 04:30:41'),
(394, 1, 1, 8, 'Physical Science ', 'Fatima Magtalas', 'dsr8', 4, 4, 900, 1000, NULL, '2019-03-15 04:30:41', '2019-03-15 04:30:41');

-- --------------------------------------------------------

--
-- Table structure for table `migrations`
--

DROP TABLE IF EXISTS `migrations`;
CREATE TABLE IF NOT EXISTS `migrations` (
  `id` int(10) UNSIGNED NOT NULL AUTO_INCREMENT,
  `migration` varchar(191) COLLATE utf8mb4_unicode_ci NOT NULL,
  `batch` int(11) NOT NULL,
  PRIMARY KEY (`id`)
) ENGINE=MyISAM AUTO_INCREMENT=313 DEFAULT CHARSET=utf8mb4 COLLATE=utf8mb4_unicode_ci;

--
-- Dumping data for table `migrations`
--

INSERT INTO `migrations` (`id`, `migration`, `batch`) VALUES
(301, '2014_10_12_000000_create_users_table', 1),
(302, '2014_10_12_100000_create_password_resets_table', 1),
(303, '2017_11_27_054243_create_academic_years_table', 1),
(304, '2017_11_27_054414_create_programs_table', 1),
(305, '2017_11_27_055707_create_courses_table', 1),
(306, '2017_11_27_061949_create_teachers_table', 1),
(307, '2017_11_27_061957_create_teacher_courses_table', 1),
(308, '2018_11_05_012353_create_available_times_table', 1),
(309, '2018_11_05_012700_create_rooms_table', 1),
(310, '2018_11_05_012859_create_room_types_table', 1),
(311, '2018_12_03_103508_create_schedules_table', 1),
(312, '2019_02_13_013047_create_fixed_schedules_table', 1);

-- --------------------------------------------------------

--
-- Table structure for table `password_resets`
--

DROP TABLE IF EXISTS `password_resets`;
CREATE TABLE IF NOT EXISTS `password_resets` (
  `email` varchar(191) COLLATE utf8mb4_unicode_ci NOT NULL,
  `token` varchar(191) COLLATE utf8mb4_unicode_ci NOT NULL,
  `created_at` timestamp NULL DEFAULT NULL,
  KEY `password_resets_email_index` (`email`)
) ENGINE=MyISAM DEFAULT CHARSET=utf8mb4 COLLATE=utf8mb4_unicode_ci;

-- --------------------------------------------------------

--
-- Table structure for table `programs`
--

DROP TABLE IF EXISTS `programs`;
CREATE TABLE IF NOT EXISTS `programs` (
  `id` bigint(20) UNSIGNED NOT NULL AUTO_INCREMENT,
  `title` varchar(191) COLLATE utf8mb4_unicode_ci NOT NULL,
  `description` text COLLATE utf8mb4_unicode_ci,
  `levels` int(11) NOT NULL,
  `academic_year_id` int(11) NOT NULL,
  `deleted_at` timestamp NULL DEFAULT NULL,
  `created_at` timestamp NULL DEFAULT NULL,
  `updated_at` timestamp NULL DEFAULT NULL,
  PRIMARY KEY (`id`)
) ENGINE=MyISAM AUTO_INCREMENT=9 DEFAULT CHARSET=utf8mb4 COLLATE=utf8mb4_unicode_ci;

--
-- Dumping data for table `programs`
--

INSERT INTO `programs` (`id`, `title`, `description`, `levels`, `academic_year_id`, `deleted_at`, `created_at`, `updated_at`) VALUES
(1, 'ACT', 'description', 2, 1, NULL, '2019-03-10 02:02:52', '2019-03-10 02:02:52'),
(2, 'BAB', 'description', 4, 1, NULL, '2019-03-10 02:02:52', '2019-03-10 02:02:52'),
(3, 'BSA', 'description', 5, 1, NULL, '2019-03-10 02:02:52', '2019-03-10 02:02:52'),
(4, 'BSAIS', 'description', 4, 1, NULL, '2019-03-10 02:02:52', '2019-03-10 02:02:52'),
(5, 'BSSW', 'description', 4, 1, NULL, '2019-03-10 02:02:52', '2019-03-10 02:02:52'),
(6, 'OM', 'description', 2, 1, NULL, '2019-03-10 02:02:52', '2019-03-10 02:02:52'),
(7, 'BSIS', 'description', 4, 1, NULL, '2019-03-10 02:02:52', '2019-03-10 02:02:52'),
(8, 'BSAT', 'description', 4, 1, NULL, '2019-03-10 02:02:52', '2019-03-10 02:02:52');

-- --------------------------------------------------------

--
-- Table structure for table `rooms`
--

DROP TABLE IF EXISTS `rooms`;
CREATE TABLE IF NOT EXISTS `rooms` (
  `id` int(10) UNSIGNED NOT NULL AUTO_INCREMENT,
  `room_name` varchar(191) COLLATE utf8mb4_unicode_ci NOT NULL,
  `room_type_id` int(11) NOT NULL,
  `available_time_start` varchar(191) COLLATE utf8mb4_unicode_ci NOT NULL,
  `available_time_finish` varchar(191) COLLATE utf8mb4_unicode_ci NOT NULL,
  `deleted_at` timestamp NULL DEFAULT NULL,
  `created_at` timestamp NULL DEFAULT NULL,
  `updated_at` timestamp NULL DEFAULT NULL,
  PRIMARY KEY (`id`)
) ENGINE=MyISAM AUTO_INCREMENT=21 DEFAULT CHARSET=utf8mb4 COLLATE=utf8mb4_unicode_ci;

--
-- Dumping data for table `rooms`
--

INSERT INTO `rooms` (`id`, `room_name`, `room_type_id`, `available_time_start`, `available_time_finish`, `deleted_at`, `created_at`, `updated_at`) VALUES
(1, 'dsr1', 1, '800', '2000', NULL, '2019-03-10 02:03:21', '2019-03-10 02:03:21'),
(2, 'dsr2', 1, '800', '2000', NULL, '2019-03-10 02:03:21', '2019-03-10 02:03:21'),
(3, 'dsr3', 1, '800', '2000', NULL, '2019-03-10 02:03:21', '2019-03-10 02:03:21'),
(4, 'dsr4', 1, '800', '2000', NULL, '2019-03-10 02:03:21', '2019-03-10 02:03:21'),
(5, 'dsr5', 1, '800', '2000', NULL, '2019-03-10 02:03:21', '2019-03-10 02:03:21'),
(6, 'dsr6', 1, '800', '2000', NULL, '2019-03-10 02:03:21', '2019-03-10 02:03:21'),
(7, 'dsr7', 1, '800', '2000', NULL, '2019-03-10 02:03:21', '2019-03-10 02:03:21'),
(8, 'dsr8', 1, '800', '2000', NULL, '2019-03-10 02:03:21', '2019-03-10 02:03:21'),
(9, 'dsr9', 1, '800', '2000', NULL, '2019-03-10 02:03:21', '2019-03-10 02:03:21'),
(10, 'dsr11', 1, '800', '2000', NULL, '2019-03-10 02:03:21', '2019-03-10 02:03:21'),
(11, 'dsr12', 1, '800', '2000', NULL, '2019-03-10 02:03:21', '2019-03-10 02:03:21'),
(12, 'dsr13', 1, '800', '2000', NULL, '2019-03-10 02:03:21', '2019-03-10 02:03:21'),
(13, 'dsr14', 1, '800', '2000', NULL, '2019-03-10 02:03:21', '2019-03-10 02:03:21'),
(14, 'dsr15', 1, '800', '2000', NULL, '2019-03-10 02:03:21', '2019-03-10 02:03:21'),
(15, 'dsr16', 1, '800', '2000', NULL, '2019-03-10 02:03:21', '2019-03-10 02:03:21'),
(16, 'comlabA', 2, '800', '2000', NULL, '2019-03-10 02:03:21', '2019-03-10 02:03:21'),
(17, 'comlabB', 2, '800', '2000', NULL, '2019-03-10 02:03:21', '2019-03-10 02:03:21'),
(18, 'comlabHS', 2, '800', '2000', NULL, '2019-03-10 02:03:21', '2019-03-10 02:03:21'),
(19, 'comlabElem', 2, '800', '2000', NULL, '2019-03-10 02:03:21', '2019-03-10 02:03:21'),
(20, 'MPH', 1, '800', '2000', NULL, '2019-03-10 02:03:21', '2019-03-10 02:03:21');

-- --------------------------------------------------------

--
-- Table structure for table `room_types`
--

DROP TABLE IF EXISTS `room_types`;
CREATE TABLE IF NOT EXISTS `room_types` (
  `id` int(10) UNSIGNED NOT NULL AUTO_INCREMENT,
  `room_type` varchar(191) COLLATE utf8mb4_unicode_ci NOT NULL,
  `deleted_at` timestamp NULL DEFAULT NULL,
  `created_at` timestamp NULL DEFAULT NULL,
  `updated_at` timestamp NULL DEFAULT NULL,
  PRIMARY KEY (`id`)
) ENGINE=MyISAM AUTO_INCREMENT=3 DEFAULT CHARSET=utf8mb4 COLLATE=utf8mb4_unicode_ci;

--
-- Dumping data for table `room_types`
--

INSERT INTO `room_types` (`id`, `room_type`, `deleted_at`, `created_at`, `updated_at`) VALUES
(1, 'Normal Room', NULL, '2019-03-10 02:02:25', NULL),
(2, 'Laboratory Room', NULL, '2019-03-10 02:02:25', NULL);

-- --------------------------------------------------------

--
-- Table structure for table `schedules`
--

DROP TABLE IF EXISTS `schedules`;
CREATE TABLE IF NOT EXISTS `schedules` (
  `id` int(10) UNSIGNED NOT NULL AUTO_INCREMENT,
  `academic_year_id` int(11) NOT NULL,
  `semester` int(11) NOT NULL,
  `program_id` int(11) NOT NULL,
  `course_id` int(11) NOT NULL,
  `teacher_id` int(11) NOT NULL,
  `room_id` int(11) NOT NULL,
  `level` int(11) NOT NULL,
  `day_of_week` int(11) NOT NULL,
  `time_start` int(11) NOT NULL,
  `time_finish` int(11) NOT NULL,
  `deleted_at` timestamp NULL DEFAULT NULL,
  `created_at` timestamp NULL DEFAULT NULL,
  `updated_at` timestamp NULL DEFAULT NULL,
  PRIMARY KEY (`id`)
) ENGINE=MyISAM AUTO_INCREMENT=421 DEFAULT CHARSET=utf8mb4 COLLATE=utf8mb4_unicode_ci;

--
-- Dumping data for table `schedules`
--

INSERT INTO `schedules` (`id`, `academic_year_id`, `semester`, `program_id`, `course_id`, `teacher_id`, `room_id`, `level`, `day_of_week`, `time_start`, `time_finish`, `deleted_at`, `created_at`, `updated_at`) VALUES
(1, 1, 2, 2, 9, 6, 1, 1, 5, 1300, 1400, NULL, '2019-03-09 10:14:05', '2019-03-09 10:15:43'),
(2, 1, 2, 2, 9, 6, 2, 1, 3, 1300, 1400, NULL, '2019-03-09 10:14:05', '2019-03-09 10:22:04'),
(3, 1, 2, 2, 8, 5, 15, 1, 5, 1000, 1130, NULL, '2019-03-09 10:14:05', '2019-03-09 10:15:18'),
(4, 1, 2, 2, 8, 5, 15, 1, 2, 1000, 1130, NULL, '2019-03-09 10:14:05', '2019-03-09 10:19:07'),
(5, 1, 2, 2, 7, 26, 14, 1, 4, 1030, 1230, NULL, '2019-03-09 10:14:05', '2019-03-09 10:20:26'),
(6, 1, 2, 2, 6, 28, 1, 1, 6, 800, 1100, NULL, '2019-03-09 10:14:05', '2019-03-09 10:14:27'),
(7, 1, 2, 2, 5, 17, 1, 1, 4, 1600, 1730, NULL, '2019-03-09 10:14:05', '2019-03-09 10:21:41'),
(8, 1, 2, 2, 5, 17, 2, 1, 3, 1600, 1730, NULL, '2019-03-09 10:14:05', '2019-03-09 10:24:09'),
(9, 1, 2, 2, 4, 1, 2, 1, 5, 1430, 1600, NULL, '2019-03-09 10:14:05', '2019-03-09 10:17:55'),
(10, 1, 2, 2, 4, 1, 3, 1, 3, 1430, 1600, NULL, '2019-03-09 10:14:05', '2019-03-09 10:19:30'),
(11, 1, 2, 2, 3, 1, 13, 1, 2, 1430, 1600, NULL, '2019-03-09 10:14:05', '2019-03-09 10:24:26'),
(12, 1, 2, 2, 3, 1, 13, 1, 4, 1430, 1600, NULL, '2019-03-09 10:14:05', '2019-03-09 10:23:47'),
(13, 1, 2, 2, 1, 5, 2, 1, 4, 800, 930, NULL, '2019-03-09 10:14:05', '2019-03-09 10:20:04'),
(14, 1, 2, 2, 1, 5, 3, 1, 5, 800, 930, NULL, '2019-03-09 10:14:05', '2019-03-09 10:14:57'),
(15, 1, 2, 2, 2, 25, 3, 1, 5, 1630, 1800, NULL, '2019-03-09 10:14:05', '2019-03-09 10:18:20'),
(16, 1, 2, 2, 2, 25, 4, 1, 2, 1630, 1800, NULL, '2019-03-09 10:14:05', '2019-03-09 10:18:43'),
(17, 1, 2, 2, 23, 6, 1, 3, 1, 1330, 1430, NULL, '2019-03-09 10:26:36', '2019-03-09 10:31:51'),
(18, 1, 2, 2, 23, 6, 2, 3, 3, 1130, 1230, NULL, '2019-03-09 10:26:36', '2019-03-09 10:28:21'),
(19, 1, 2, 2, 19, 17, 1, 3, 1, 1500, 1630, NULL, '2019-03-09 10:26:36', '2019-03-09 10:32:03'),
(20, 1, 2, 2, 19, 17, 2, 3, 2, 1330, 1500, NULL, '2019-03-09 10:26:36', '2019-03-09 10:31:24'),
(21, 1, 2, 2, 22, 17, 1, 3, 5, 1300, 1700, NULL, '2019-03-09 10:26:36', '2019-03-09 10:26:55'),
(22, 1, 2, 2, 21, 20, 1, 3, 3, 1500, 1630, NULL, '2019-03-09 10:26:36', '2019-03-09 10:28:48'),
(23, 1, 2, 2, 21, 20, 2, 3, 4, 1500, 1630, NULL, '2019-03-09 10:26:36', '2019-03-09 10:27:13'),
(24, 1, 2, 2, 20, 19, 2, 3, 2, 1300, 1700, NULL, '2019-03-09 10:26:36', '2019-03-09 10:29:16'),
(25, 1, 2, 2, 18, 18, 1, 3, 1, 1630, 1800, NULL, '2019-03-09 10:26:36', '2019-03-09 10:32:21'),
(26, 1, 2, 2, 18, 18, 3, 3, 4, 1630, 1800, NULL, '2019-03-09 10:26:36', '2019-03-09 10:27:50'),
(27, 1, 2, 2, 27, 6, 2, 4, 4, 1500, 1600, NULL, '2019-03-09 10:34:36', '2019-03-09 10:35:52'),
(28, 1, 2, 2, 27, 6, 3, 4, 2, 1500, 1600, NULL, '2019-03-09 10:34:36', '2019-03-09 10:36:18'),
(29, 1, 2, 2, 25, 28, 1, 4, 6, 1200, 1500, NULL, '2019-03-09 10:34:36', '2019-03-09 10:34:52'),
(30, 1, 2, 2, 26, 19, 2, 4, 2, 900, 1200, NULL, '2019-03-09 10:34:36', '2019-03-09 10:36:35'),
(31, 1, 2, 2, 24, 1, 3, 4, 2, 1300, 1430, NULL, '2019-03-09 10:34:36', '2019-03-09 10:37:07'),
(32, 1, 2, 2, 24, 1, 2, 4, 4, 1300, 1430, NULL, '2019-03-09 10:34:36', '2019-03-09 10:35:15'),
(33, 1, 2, 3, 33, 27, 18, 5, 6, 1700, 2000, NULL, '2019-03-09 18:54:15', '2019-03-09 18:55:03'),
(34, 1, 2, 3, 34, 27, 18, 5, 6, 1400, 1700, NULL, '2019-03-09 18:54:15', '2019-03-09 18:54:43'),
(35, 1, 2, 3, 32, 9, 4, 5, 5, 830, 1130, NULL, '2019-03-09 18:54:15', '2019-03-09 18:55:28'),
(36, 1, 2, 3, 30, 7, 6, 5, 5, 1700, 1830, NULL, '2019-03-09 18:54:15', '2019-03-09 18:56:17'),
(37, 1, 2, 3, 30, 7, 3, 5, 4, 800, 930, NULL, '2019-03-09 18:54:15', '2019-03-09 18:56:34'),
(38, 1, 2, 3, 31, 7, 4, 5, 4, 1700, 1830, NULL, '2019-03-09 18:54:15', '2019-03-09 18:57:41'),
(39, 1, 2, 3, 31, 7, 5, 5, 5, 1530, 1700, NULL, '2019-03-09 18:54:15', '2019-03-09 18:55:56'),
(40, 1, 2, 3, 28, 10, 5, 5, 4, 1830, 2000, NULL, '2019-03-09 18:54:15', '2019-03-09 18:57:26'),
(41, 1, 2, 3, 28, 10, 4, 5, 3, 1830, 2000, NULL, '2019-03-09 18:54:15', '2019-03-09 18:58:05'),
(42, 1, 2, 3, 29, 6, 6, 5, 3, 1600, 1800, NULL, '2019-03-09 18:54:15', '2019-03-09 18:58:21'),
(43, 1, 2, 4, 9, 6, 6, 1, 5, 930, 1030, NULL, '2019-03-09 19:29:58', '2019-03-09 19:31:27'),
(44, 1, 2, 4, 9, 6, 3, 1, 1, 1500, 1600, NULL, '2019-03-09 19:29:58', '2019-03-09 19:37:08'),
(45, 1, 2, 4, 7, 26, 14, 1, 3, 1030, 1230, NULL, '2019-03-09 19:29:58', '2019-03-09 19:35:45'),
(46, 1, 2, 4, 8, 5, 2, 1, 3, 830, 1000, NULL, '2019-03-09 19:29:58', '2019-03-09 19:38:22'),
(47, 1, 2, 4, 8, 5, 15, 1, 2, 1630, 1800, NULL, '2019-03-09 19:29:58', '2019-03-09 19:34:41'),
(48, 1, 2, 4, 40, 9, 5, 1, 5, 1600, 1900, NULL, '2019-03-09 19:29:58', '2019-03-09 19:38:58'),
(49, 1, 2, 4, 39, 7, 3, 1, 5, 1300, 1500, NULL, '2019-03-09 19:29:58', '2019-03-09 19:32:47'),
(50, 1, 2, 4, 39, 7, 3, 1, 4, 1300, 1500, NULL, '2019-03-09 19:29:58', '2019-03-09 19:33:02'),
(51, 1, 2, 4, 37, 1, 12, 1, 2, 900, 1030, NULL, '2019-03-09 19:29:58', '2019-03-09 19:36:40'),
(52, 1, 2, 4, 37, 1, 9, 1, 1, 1630, 1800, NULL, '2019-03-09 19:29:58', '2019-03-09 19:35:10'),
(53, 1, 2, 4, 38, 10, 1, 1, 2, 1830, 2000, NULL, '2019-03-09 19:29:58', '2019-03-09 19:37:51'),
(54, 1, 2, 4, 38, 10, 4, 1, 1, 1830, 2000, NULL, '2019-03-09 19:29:58', '2019-03-09 19:40:24'),
(55, 1, 2, 4, 16, 9, 5, 1, 4, 1500, 1630, NULL, '2019-03-09 19:29:58', '2019-03-09 19:33:46'),
(56, 1, 2, 4, 16, 9, 4, 1, 5, 1100, 1230, NULL, '2019-03-09 19:29:58', '2019-03-09 19:31:56'),
(57, 1, 2, 4, 36, 2, 4, 1, 2, 730, 900, NULL, '2019-03-09 19:29:58', '2019-03-09 19:36:15'),
(58, 1, 2, 4, 36, 2, 16, 1, 5, 730, 900, NULL, '2019-03-09 19:29:58', '2019-03-09 19:30:40'),
(59, 1, 2, 4, 39, 7, 3, 1, 3, 1300, 1500, NULL, '2019-03-09 08:00:00', '2019-03-09 08:00:00'),
(60, 1, 2, 5, 9, 4, 9, 1, 2, 1230, 1430, NULL, '2019-03-09 19:51:58', '2019-03-09 20:07:08'),
(61, 1, 2, 5, 8, 5, 15, 1, 5, 1000, 1130, NULL, '2019-03-09 19:51:58', '2019-03-09 20:04:50'),
(62, 1, 2, 5, 8, 5, 15, 1, 2, 1000, 1130, NULL, '2019-03-09 19:51:58', '2019-03-09 20:05:07'),
(63, 1, 2, 5, 7, 26, 2, 1, 4, 1030, 1130, NULL, '2019-03-09 19:51:58', '2019-03-09 20:05:25'),
(64, 1, 2, 5, 7, 26, 14, 1, 2, 1000, 1100, NULL, '2019-03-09 19:51:58', '2019-03-09 20:07:45'),
(65, 1, 2, 5, 49, 24, 9, 1, 5, 1430, 1600, NULL, '2019-03-09 19:51:58', '2019-03-09 20:04:00'),
(66, 1, 2, 5, 49, 24, 5, 1, 3, 1430, 1600, NULL, '2019-03-09 19:51:58', '2019-03-09 20:06:49'),
(67, 1, 2, 5, 47, 23, 2, 1, 6, 1400, 1700, NULL, '2019-03-09 19:51:58', '2019-03-09 20:01:55'),
(68, 1, 2, 5, 4, 1, 1, 1, 2, 1600, 1730, NULL, '2019-03-09 19:51:58', '2019-03-09 20:07:27'),
(69, 1, 2, 5, 4, 1, 4, 1, 3, 1600, 1730, NULL, '2019-03-09 19:51:58', '2019-03-09 20:06:30'),
(70, 1, 2, 5, 48, 23, 5, 1, 6, 1700, 2000, NULL, '2019-03-09 19:51:58', '2019-03-09 20:01:40'),
(71, 1, 2, 5, 2, 25, 4, 1, 5, 1300, 1430, NULL, '2019-03-09 19:51:58', '2019-03-09 20:03:25'),
(72, 1, 2, 5, 2, 25, 2, 1, 4, 1630, 1800, NULL, '2019-03-09 19:51:58', '2019-03-09 20:06:08'),
(73, 1, 2, 5, 3, 1, 4, 1, 2, 1430, 1600, NULL, '2019-03-09 19:51:58', '2019-03-09 20:08:23'),
(74, 1, 2, 5, 3, 1, 5, 1, 4, 1430, 1600, NULL, '2019-03-09 19:51:58', '2019-03-09 20:04:19'),
(75, 1, 2, 5, 58, 22, 1, 3, 5, 800, 1100, NULL, '2019-03-09 20:10:17', '2019-03-09 20:15:19'),
(76, 1, 2, 5, 59, 22, 5, 3, 5, 1200, 1500, NULL, '2019-03-09 20:10:17', '2019-03-09 20:15:50'),
(77, 1, 2, 5, 60, 22, 6, 3, 5, 1530, 1830, NULL, '2019-03-09 20:10:17', '2019-03-09 20:18:55'),
(78, 1, 2, 5, 57, 21, 3, 3, 2, 1340, 1640, NULL, '2019-03-09 20:10:17', '2019-03-09 20:17:41'),
(79, 1, 2, 5, 56, 6, 2, 3, 4, 1530, 1630, NULL, '2019-03-09 20:10:17', '2019-03-09 20:16:36'),
(80, 1, 2, 5, 56, 6, 1, 3, 2, 930, 1030, NULL, '2019-03-09 20:10:17', '2019-03-09 20:17:15'),
(81, 1, 2, 5, 54, 1, 5, 3, 2, 1030, 1200, NULL, '2019-03-09 20:10:17', '2019-03-09 20:17:31'),
(82, 1, 2, 5, 54, 1, 4, 3, 1, 1500, 1630, NULL, '2019-03-09 20:10:17', '2019-03-09 20:18:04'),
(83, 1, 2, 5, 55, 10, 10, 3, 4, 1700, 1830, NULL, '2019-03-09 20:10:17', '2019-03-09 20:16:54'),
(84, 1, 2, 5, 55, 10, 4, 3, 1, 1700, 1830, NULL, '2019-03-09 20:10:17', '2019-03-09 20:18:17'),
(85, 1, 2, 5, 53, 1, 4, 3, 1, 1300, 1430, NULL, '2019-03-09 20:10:17', '2019-03-09 20:19:15'),
(86, 1, 2, 5, 53, 1, 5, 3, 4, 900, 1030, NULL, '2019-03-09 20:10:17', '2019-03-09 20:16:16'),
(87, 1, 2, 5, 61, 22, 8, 4, 6, 700, 1200, NULL, '2019-03-09 20:20:14', '2019-03-09 20:20:35'),
(88, 1, 2, 6, 14, 26, 14, 1, 3, 1030, 1230, NULL, '2019-03-10 02:15:10', '2019-03-10 02:18:39'),
(89, 1, 2, 6, 67, 30, 16, 1, 5, 1800, 1930, NULL, '2019-03-10 02:15:10', '2019-03-10 02:20:40'),
(90, 1, 2, 6, 67, 30, 16, 1, 2, 1600, 1730, NULL, '2019-03-10 02:15:10', '2019-03-10 02:19:40'),
(91, 1, 2, 6, 18, 18, 13, 1, 5, 1600, 1730, NULL, '2019-03-10 02:15:10', '2019-03-10 02:21:12'),
(92, 1, 2, 6, 18, 18, 3, 1, 2, 1800, 1930, NULL, '2019-03-10 02:15:10', '2019-03-10 02:22:17'),
(93, 1, 2, 6, 65, 9, 11, 1, 5, 1430, 1600, NULL, '2019-03-10 02:15:10', '2019-03-10 02:20:24'),
(94, 1, 2, 6, 65, 9, 6, 1, 2, 1430, 1600, NULL, '2019-03-10 02:15:10', '2019-03-10 02:22:46'),
(95, 1, 2, 6, 64, 12, 8, 1, 3, 800, 930, NULL, '2019-03-10 02:15:10', '2019-03-10 02:19:26'),
(96, 1, 2, 6, 64, 12, 6, 1, 2, 1400, 1530, NULL, '2019-03-10 02:15:10', '2019-03-10 02:15:10'),
(97, 1, 2, 6, 64, 12, 4, 1, 4, 1300, 1430, NULL, '2019-03-10 02:15:10', '2019-03-10 02:18:08'),
(98, 1, 2, 6, 64, 12, 2, 1, 5, 1300, 1430, NULL, '2019-03-10 02:15:10', '2019-03-10 02:17:25'),
(99, 1, 2, 6, 62, 4, 10, 1, 2, 800, 930, NULL, '2019-03-10 02:15:10', '2019-03-10 02:21:54'),
(100, 1, 2, 6, 62, 4, 6, 1, 4, 1030, 1200, NULL, '2019-03-10 02:15:10', '2019-03-10 02:17:41'),
(101, 1, 2, 6, 8, 5, 15, 1, 5, 1000, 1130, NULL, '2019-03-10 02:15:10', '2019-03-10 02:16:51'),
(102, 1, 2, 6, 8, 5, 15, 1, 2, 1000, 1130, NULL, '2019-03-10 02:15:10', '2019-03-10 02:21:36'),
(103, 1, 2, 7, 73, 3, 17, 3, 1, 1300, 1430, NULL, '2019-03-10 06:58:11', '2019-03-10 07:04:37'),
(104, 1, 2, 7, 73, 3, 17, 3, 5, 1530, 1700, NULL, '2019-03-10 06:58:11', '2019-03-10 07:00:58'),
(105, 1, 2, 7, 74, 3, 17, 3, 5, 1030, 1200, NULL, '2019-03-10 06:58:11', '2019-03-10 07:01:15'),
(106, 1, 2, 7, 74, 3, 17, 3, 3, 1230, 1400, NULL, '2019-03-10 06:58:11', '2019-03-10 07:06:24'),
(107, 1, 2, 7, 77, 3, 7, 3, 3, 1030, 1130, NULL, '2019-03-10 06:58:11', '2019-03-10 07:02:21'),
(108, 1, 2, 7, 77, 3, 6, 3, 2, 1530, 1630, NULL, '2019-03-10 06:58:11', '2019-03-10 07:03:58'),
(109, 1, 2, 7, 76, 14, 17, 3, 6, 1400, 1700, NULL, '2019-03-10 06:58:11', '2019-03-10 06:59:21'),
(110, 1, 2, 7, 75, 13, 16, 3, 6, 1000, 1300, NULL, '2019-03-10 06:58:11', '2019-03-10 06:58:38'),
(111, 1, 2, 7, 71, 1, 7, 3, 2, 1030, 1200, NULL, '2019-03-10 06:58:11', '2019-03-10 07:03:28'),
(112, 1, 2, 7, 71, 1, 1, 3, 1, 1500, 1630, NULL, '2019-03-10 06:58:11', '2019-03-10 07:01:52'),
(113, 1, 2, 7, 72, 2, 16, 3, 5, 1400, 1530, NULL, '2019-03-10 06:58:11', '2019-03-10 07:00:40'),
(114, 1, 2, 7, 72, 2, 18, 3, 2, 1400, 1530, NULL, '2019-03-10 06:58:11', '2019-03-10 07:03:03'),
(115, 1, 2, 7, 69, 9, 7, 3, 5, 1300, 1430, NULL, '2019-03-10 06:58:11', '2019-03-10 07:00:16'),
(116, 1, 2, 7, 69, 9, 4, 3, 3, 1430, 1600, NULL, '2019-03-10 06:58:11', '2019-03-10 07:02:46'),
(117, 1, 2, 7, 70, 12, 4, 3, 2, 1300, 1430, NULL, '2019-03-10 06:58:11', '2019-03-10 07:05:55'),
(118, 1, 2, 7, 70, 12, 16, 3, 1, 1030, 1200, NULL, '2019-03-10 06:58:11', '2019-03-10 07:05:28'),
(119, 1, 2, 7, 78, 29, 17, 4, 6, 900, 1200, NULL, '2019-03-10 07:16:21', '2019-03-10 07:16:36'),
(120, 1, 2, 3, 27, 4, 7, 4, 2, 930, 1030, NULL, '2019-03-10 07:56:37', '2019-03-10 08:04:27'),
(121, 1, 2, 3, 27, 4, 12, 4, 2, 1530, 1630, NULL, '2019-03-10 07:56:37', '2019-03-10 08:03:34'),
(122, 1, 2, 3, 85, 15, 3, 4, 4, 1030, 1200, NULL, '2019-03-10 07:56:37', '2019-03-10 08:07:46'),
(123, 1, 2, 3, 85, 15, 3, 4, 4, 930, 1100, NULL, '2019-03-10 07:56:37', '2019-03-10 08:02:30'),
(124, 1, 2, 3, 84, 3, 1, 4, 4, 1500, 1600, NULL, '2019-03-10 07:56:37', '2019-03-10 08:02:47'),
(125, 1, 2, 3, 84, 3, 16, 4, 5, 1500, 1600, NULL, '2019-03-10 07:56:37', '2019-03-10 07:58:13'),
(126, 1, 2, 3, 84, 3, 4, 4, 2, 1300, 1400, NULL, '2019-03-10 07:56:37', '2019-03-10 08:06:13'),
(127, 1, 2, 3, 83, 16, 2, 4, 6, 1400, 1700, NULL, '2019-03-10 07:56:37', '2019-03-10 07:57:06'),
(128, 1, 2, 3, 82, 10, 9, 4, 2, 1700, 1830, NULL, '2019-03-10 07:56:37', '2019-03-10 08:04:02'),
(129, 1, 2, 3, 82, 10, 4, 4, 5, 1700, 1830, NULL, '2019-03-10 07:56:37', '2019-03-10 08:02:04'),
(130, 1, 2, 3, 81, 2, 16, 4, 5, 1030, 1200, NULL, '2019-03-10 07:56:37', '2019-03-10 07:57:45'),
(131, 1, 2, 3, 81, 2, 16, 4, 2, 1030, 1200, NULL, '2019-03-10 07:56:37', '2019-03-10 08:05:32'),
(132, 1, 2, 3, 80, 2, 6, 4, 6, 1400, 1700, NULL, '2019-03-10 07:56:37', '2019-03-10 08:06:59'),
(133, 1, 2, 3, 79, 11, 8, 4, 6, 1030, 1330, NULL, '2019-03-10 07:56:37', '2019-03-10 08:05:02'),
(134, 1, 2, 7, 9, 3, 16, 1, 4, 1330, 1430, NULL, '2019-03-10 08:30:48', '2019-03-10 08:36:18'),
(135, 1, 2, 7, 9, 3, 3, 1, 1, 1100, 1200, NULL, '2019-03-10 08:30:48', '2019-03-10 08:36:58'),
(136, 1, 2, 7, 7, 26, 14, 1, 2, 1030, 1230, NULL, '2019-03-10 08:30:48', '2019-03-10 08:38:54'),
(137, 1, 2, 7, 11, 5, 2, 1, 1, 1300, 1430, NULL, '2019-03-10 08:30:48', '2019-03-10 08:38:38'),
(138, 1, 2, 7, 11, 5, 8, 1, 2, 1430, 1600, NULL, '2019-03-10 08:30:48', '2019-03-10 08:37:39'),
(139, 1, 2, 7, 8, 5, 15, 1, 3, 830, 1000, NULL, '2019-03-10 08:30:48', '2019-03-10 08:35:10'),
(140, 1, 2, 7, 8, 5, 15, 1, 2, 1630, 1800, NULL, '2019-03-10 08:30:48', '2019-03-10 08:34:47'),
(141, 1, 2, 7, 91, 31, 18, 1, 1, 1500, 1800, NULL, '2019-03-10 08:30:48', '2019-03-10 08:38:27'),
(142, 1, 2, 7, 12, 29, 17, 1, 6, 700, 830, NULL, '2019-03-10 08:30:48', '2019-03-10 08:31:35'),
(143, 1, 2, 7, 12, 29, 17, 1, 4, 700, 830, NULL, '2019-03-10 08:30:48', '2019-03-10 08:33:11'),
(144, 1, 2, 7, 12, 29, 17, 1, 2, 700, 900, NULL, '2019-03-10 08:30:48', '2019-03-10 08:32:39'),
(145, 1, 2, 7, 89, 29, 17, 1, 3, 700, 830, NULL, '2019-03-10 08:30:48', '2019-03-10 08:35:39'),
(146, 1, 2, 7, 89, 29, 17, 1, 5, 700, 830, NULL, '2019-03-10 08:30:48', '2019-03-10 08:32:03'),
(147, 1, 2, 7, 17, 25, 8, 1, 1, 1800, 1930, NULL, '2019-03-10 08:30:48', '2019-03-10 08:38:06'),
(148, 1, 2, 7, 17, 25, 2, 1, 2, 1800, 1930, NULL, '2019-03-10 08:30:48', '2019-03-10 08:34:05'),
(149, 1, 2, 7, 16, 9, 9, 1, 3, 1230, 1400, NULL, '2019-03-10 08:30:48', '2019-03-10 08:34:28'),
(150, 1, 2, 7, 16, 9, 4, 1, 4, 1100, 1230, NULL, '2019-03-10 08:30:48', '2019-03-10 08:33:35'),
(151, 1, 2, 1, 9, 3, 16, 1, 4, 1330, 1430, NULL, NULL, NULL),
(152, 1, 2, 1, 9, 3, 3, 1, 1, 1100, 1200, NULL, NULL, NULL),
(153, 1, 2, 1, 7, 26, 14, 1, 2, 1030, 1230, NULL, NULL, NULL),
(154, 1, 2, 1, 11, 5, 2, 1, 1, 1300, 1430, NULL, NULL, NULL),
(155, 1, 2, 1, 11, 5, 8, 1, 2, 1430, 1600, NULL, NULL, NULL),
(156, 1, 2, 1, 8, 5, 15, 1, 3, 830, 1000, NULL, NULL, NULL),
(157, 1, 2, 1, 8, 5, 15, 1, 2, 1630, 1800, NULL, NULL, NULL),
(158, 1, 2, 1, 91, 31, 18, 1, 1, 1500, 1800, NULL, NULL, NULL),
(159, 1, 2, 1, 12, 29, 17, 1, 6, 700, 830, NULL, NULL, NULL),
(160, 1, 2, 1, 12, 29, 17, 1, 4, 700, 830, NULL, NULL, NULL),
(161, 1, 2, 1, 12, 29, 17, 1, 2, 700, 900, NULL, NULL, NULL),
(162, 1, 2, 1, 89, 29, 17, 1, 3, 700, 830, NULL, NULL, NULL),
(163, 1, 2, 1, 89, 29, 17, 1, 5, 700, 830, NULL, NULL, NULL),
(164, 1, 2, 1, 17, 25, 8, 1, 1, 1800, 1930, NULL, NULL, NULL),
(165, 1, 2, 1, 17, 25, 2, 1, 2, 1800, 1930, NULL, NULL, NULL),
(166, 1, 2, 1, 16, 9, 9, 1, 3, 1230, 1400, NULL, NULL, NULL),
(167, 1, 2, 1, 16, 9, 4, 1, 4, 1100, 1230, NULL, NULL, NULL),
(168, 1, 2, 8, 23, 6, 11, 3, 5, 1530, 1630, NULL, '2019-03-10 17:23:33', '2019-03-10 17:25:48'),
(169, 1, 2, 8, 23, 6, 3, 3, 3, 1500, 1600, NULL, '2019-03-10 17:23:33', '2019-03-10 17:36:35'),
(170, 1, 2, 8, 101, 7, 1, 3, 4, 1530, 1700, NULL, '2019-03-10 17:23:33', '2019-03-10 17:37:09'),
(171, 1, 2, 8, 101, 7, 3, 3, 3, 1600, 1730, NULL, '2019-03-10 17:23:33', '2019-03-10 17:37:24'),
(172, 1, 2, 8, 103, 7, 1, 3, 4, 1030, 1200, NULL, '2019-03-10 17:23:33', '2019-03-10 17:28:32'),
(173, 1, 2, 8, 103, 7, 18, 3, 5, 1030, 1200, NULL, '2019-03-10 17:23:33', '2019-03-10 17:24:51'),
(174, 1, 2, 8, 102, 9, 5, 3, 5, 1230, 1530, NULL, '2019-03-10 17:23:33', '2019-03-10 17:25:11'),
(175, 1, 2, 8, 100, 2, 19, 3, 2, 900, 1030, NULL, '2019-03-10 17:23:33', '2019-03-10 17:38:13'),
(176, 1, 2, 8, 100, 2, 16, 3, 5, 900, 1030, NULL, '2019-03-10 17:23:33', '2019-03-10 17:24:28'),
(177, 1, 2, 8, 98, 3, 16, 3, 2, 1100, 1230, NULL, '2019-03-10 17:23:33', '2019-03-10 17:38:46'),
(178, 1, 2, 8, 98, 3, 18, 3, 3, 900, 1030, NULL, '2019-03-10 17:23:33', '2019-03-10 17:27:36'),
(179, 1, 2, 8, 99, 5, 5, 3, 4, 700, 800, NULL, '2019-03-10 17:23:33', '2019-03-10 17:26:26'),
(180, 1, 2, 8, 99, 5, 11, 3, 5, 700, 800, NULL, '2019-03-10 17:23:33', '2019-03-10 17:24:10'),
(181, 1, 2, 8, 99, 5, 4, 3, 3, 700, 800, NULL, '2019-03-10 17:23:33', '2019-03-10 17:36:01'),
(182, 1, 2, 8, 96, 1, 4, 3, 3, 1300, 1430, NULL, '2019-03-10 17:23:33', '2019-03-10 17:36:19'),
(183, 1, 2, 8, 96, 1, 7, 3, 2, 730, 900, NULL, '2019-03-10 17:23:33', '2019-03-10 17:37:52'),
(184, 1, 2, 8, 97, 8, 11, 3, 4, 900, 1030, NULL, '2019-03-10 17:23:33', '2019-03-10 17:28:11'),
(185, 1, 2, 8, 97, 8, 10, 3, 4, 1300, 1430, NULL, '2019-03-10 17:23:33', '2019-03-10 17:34:27'),
(186, 1, 2, 8, 27, 4, 1, 4, 2, 1700, 1800, NULL, '2019-03-10 17:51:49', '2019-03-10 17:56:21'),
(187, 1, 2, 8, 27, 4, 3, 4, 3, 1300, 1400, NULL, '2019-03-10 17:51:49', '2019-03-10 17:54:42'),
(188, 1, 2, 8, 79, 11, 1, 4, 6, 700, 1000, NULL, '2019-03-10 17:51:49', '2019-03-10 17:52:58'),
(189, 1, 2, 8, 84, 3, 16, 4, 3, 1400, 1530, NULL, '2019-03-10 17:51:49', '2019-03-10 17:55:22'),
(190, 1, 2, 8, 84, 3, 16, 4, 5, 1400, 1530, NULL, '2019-03-10 17:51:49', '2019-03-10 17:55:30'),
(191, 1, 2, 8, 105, 2, 16, 4, 5, 1530, 1700, NULL, '2019-03-10 17:51:49', '2019-03-10 17:54:05'),
(192, 1, 2, 8, 105, 2, 16, 4, 2, 1530, 1700, NULL, '2019-03-10 17:51:49', '2019-03-10 17:56:07'),
(193, 1, 2, 8, 81, 2, 16, 4, 5, 1230, 1400, NULL, '2019-03-10 17:51:49', '2019-03-10 17:55:47'),
(194, 1, 2, 8, 81, 2, 11, 4, 2, 1230, 1400, NULL, '2019-03-10 17:51:49', '2019-03-10 17:56:50'),
(195, 1, 2, 8, 106, 10, 8, 4, 5, 1830, 2000, NULL, '2019-03-10 17:51:49', '2019-03-10 17:54:24'),
(196, 1, 2, 8, 106, 10, 5, 4, 3, 1700, 1830, NULL, '2019-03-10 17:51:49', '2019-03-10 17:54:56'),
(197, 1, 1, 1, 120, 4, 1, 1, 1, 1200, 1300, NULL, '2019-03-10 20:55:17', '2019-03-10 21:29:58'),
(198, 1, 1, 1, 120, 4, 3, 1, 5, 1130, 1230, NULL, '2019-03-10 20:55:17', '2019-03-10 21:03:22'),
(199, 1, 1, 1, 119, 5, 15, 1, 5, 830, 1000, NULL, '2019-03-10 20:55:17', '2019-03-10 21:01:11'),
(200, 1, 1, 1, 119, 5, 3, 1, 1, 1000, 1130, NULL, '2019-03-10 20:55:17', '2019-03-10 21:05:34'),
(201, 1, 1, 1, 118, 26, 5, 1, 2, 1630, 1830, NULL, '2019-03-10 20:55:17', '2019-03-10 21:27:56'),
(202, 1, 1, 1, 114, 3, 16, 1, 4, 1300, 1430, NULL, '2019-03-10 20:55:17', '2019-03-10 21:14:04'),
(203, 1, 1, 1, 114, 3, 18, 1, 5, 1300, 1430, NULL, '2019-03-10 20:55:17', '2019-03-10 21:09:37'),
(204, 1, 1, 1, 116, 3, 16, 1, 4, 1630, 1800, NULL, '2019-03-10 20:55:17', '2019-03-10 21:16:28'),
(205, 1, 1, 1, 116, 3, 16, 1, 1, 800, 930, NULL, '2019-03-10 20:55:17', '2019-03-10 21:24:11'),
(206, 1, 1, 1, 117, 3, 16, 1, 5, 1700, 1830, NULL, '2019-03-10 20:55:17', '2019-03-10 21:11:45'),
(207, 1, 1, 1, 117, 3, 16, 1, 3, 900, 1030, NULL, '2019-03-10 20:55:17', '2019-03-10 21:23:15'),
(208, 1, 1, 1, 115, 32, 18, 1, 2, 1030, 1200, NULL, '2019-03-10 20:55:17', '2019-03-10 21:27:17'),
(209, 1, 1, 1, 115, 32, 18, 1, 4, 1630, 1800, NULL, '2019-03-10 20:55:17', '2019-03-10 21:18:44'),
(210, 1, 1, 1, 115, 32, 18, 1, 3, 1600, 1700, NULL, '2019-03-10 20:55:17', '2019-03-10 21:12:19'),
(211, 1, 1, 1, 115, 32, 18, 1, 3, 1130, 1230, NULL, '2019-03-10 20:55:17', '2019-03-10 21:00:59'),
(212, 1, 1, 1, 1, 5, 20, 1, 2, 830, 1000, NULL, '2019-03-10 20:55:17', '2019-03-10 21:27:37'),
(213, 1, 1, 1, 1, 5, 6, 1, 3, 730, 900, NULL, '2019-03-10 20:55:17', '2019-03-10 21:22:50'),
(214, 1, 1, 1, 113, 1, 13, 1, 3, 1700, 1830, NULL, '2019-03-10 20:55:17', '2019-03-10 21:24:58'),
(215, 1, 1, 1, 113, 1, 10, 1, 5, 1530, 1700, NULL, '2019-03-10 20:55:17', '2019-03-10 21:10:24'),
(216, 1, 1, 1, 111, 2, 16, 1, 5, 700, 830, NULL, '2019-03-10 20:55:17', '2019-03-10 21:07:04'),
(217, 1, 1, 1, 111, 2, 16, 1, 2, 700, 830, NULL, '2019-03-10 20:55:17', '2019-03-10 21:20:18'),
(218, 1, 1, 7, 120, 4, 1, 1, 1, 1200, 1300, NULL, NULL, NULL),
(219, 1, 1, 7, 120, 4, 3, 1, 5, 1130, 1230, NULL, NULL, NULL),
(220, 1, 1, 7, 119, 5, 15, 1, 5, 830, 1000, NULL, NULL, NULL),
(221, 1, 1, 7, 119, 5, 3, 1, 1, 1000, 1130, NULL, NULL, NULL),
(222, 1, 1, 7, 118, 26, 5, 1, 2, 1630, 1830, NULL, NULL, NULL),
(223, 1, 1, 7, 114, 3, 16, 1, 4, 1300, 1430, NULL, NULL, NULL),
(224, 1, 1, 7, 114, 3, 18, 1, 5, 1300, 1430, NULL, NULL, NULL),
(225, 1, 1, 7, 116, 3, 16, 1, 4, 1630, 1800, NULL, NULL, NULL),
(226, 1, 1, 7, 116, 3, 16, 1, 1, 800, 930, NULL, NULL, NULL),
(227, 1, 1, 7, 117, 3, 16, 1, 5, 1700, 1830, NULL, NULL, NULL),
(228, 1, 1, 7, 117, 3, 16, 1, 3, 900, 1030, NULL, NULL, NULL),
(229, 1, 1, 7, 115, 32, 18, 1, 2, 1030, 1200, NULL, NULL, NULL),
(230, 1, 1, 7, 115, 32, 18, 1, 4, 1630, 1800, NULL, NULL, NULL),
(231, 1, 1, 7, 115, 32, 18, 1, 3, 1600, 1700, NULL, NULL, NULL),
(232, 1, 1, 7, 115, 32, 18, 1, 3, 1130, 1230, NULL, NULL, NULL),
(233, 1, 1, 7, 1, 5, 20, 1, 2, 830, 1000, NULL, NULL, NULL),
(234, 1, 1, 7, 1, 5, 6, 1, 3, 730, 900, NULL, NULL, NULL),
(235, 1, 1, 7, 113, 1, 13, 1, 3, 1700, 1830, NULL, NULL, NULL),
(236, 1, 1, 7, 113, 1, 10, 1, 5, 1530, 1700, NULL, NULL, NULL),
(237, 1, 1, 7, 111, 2, 16, 1, 5, 700, 830, NULL, NULL, NULL),
(238, 1, 1, 7, 111, 2, 16, 1, 2, 700, 830, NULL, NULL, NULL),
(239, 1, 1, 2, 129, 4, 1, 1, 3, 1230, 1330, NULL, '2019-03-10 22:16:40', '2019-03-10 22:37:01'),
(240, 1, 1, 2, 129, 4, 3, 1, 2, 1300, 1400, NULL, '2019-03-10 22:16:40', '2019-03-10 22:34:41'),
(241, 1, 1, 2, 128, 5, 20, 1, 5, 1000, 1130, NULL, '2019-03-10 22:16:40', '2019-03-10 22:22:21'),
(242, 1, 1, 2, 128, 5, 3, 1, 2, 1030, 1200, NULL, '2019-03-10 22:16:40', '2019-03-10 22:16:40'),
(243, 1, 1, 2, 127, 26, 1, 1, 3, 1600, 1800, NULL, '2019-03-10 22:16:40', '2019-03-10 22:34:00'),
(244, 1, 1, 2, 126, 28, 5, 1, 6, 800, 1100, NULL, '2019-03-10 22:16:40', '2019-03-10 22:19:17'),
(245, 1, 1, 2, 124, 1, 5, 1, 1, 1330, 1500, NULL, '2019-03-10 22:16:40', '2019-03-10 22:37:36'),
(246, 1, 1, 2, 124, 1, 8, 1, 5, 1330, 1500, NULL, '2019-03-10 22:16:40', '2019-03-10 22:27:17'),
(247, 1, 1, 2, 16, 9, 5, 1, 5, 1130, 1300, NULL, '2019-03-10 22:16:40', '2019-03-10 22:26:28'),
(248, 1, 1, 2, 16, 9, 4, 1, 3, 900, 1030, NULL, '2019-03-10 22:16:40', '2019-03-10 22:28:31'),
(249, 1, 1, 2, 113, 1, 5, 1, 3, 1400, 1530, NULL, '2019-03-10 22:16:40', '2019-03-10 22:32:04'),
(250, 1, 1, 2, 113, 1, 7, 1, 1, 1530, 1700, NULL, '2019-03-10 22:16:40', '2019-03-10 22:38:31'),
(251, 1, 1, 2, 111, 2, 16, 1, 2, 1530, 1700, NULL, '2019-03-10 22:16:40', '2019-03-10 22:35:16'),
(252, 1, 1, 2, 111, 2, 16, 1, 5, 1530, 1700, NULL, '2019-03-10 22:16:40', '2019-03-10 22:28:02'),
(253, 1, 1, 2, 122, 25, 10, 1, 2, 1400, 1500, NULL, '2019-03-10 22:16:40', '2019-03-10 22:32:24'),
(254, 1, 1, 2, 122, 25, 7, 1, 1, 1700, 1800, NULL, '2019-03-10 22:16:40', '2019-03-10 22:36:16'),
(255, 1, 1, 2, 122, 25, 2, 1, 5, 1700, 1800, NULL, '2019-03-10 22:16:40', '2019-03-10 22:19:57'),
(256, 1, 1, 2, 134, 1, 1, 4, 4, 1430, 1530, NULL, '2019-03-11 04:07:10', '2019-03-11 04:09:36'),
(257, 1, 1, 2, 77, 4, 1, 4, 3, 1430, 1530, NULL, '2019-03-11 04:07:10', '2019-03-11 04:09:50'),
(258, 1, 1, 2, 133, 34, 5, 4, 3, 1630, 1830, NULL, '2019-03-11 04:07:10', '2019-03-11 04:10:03'),
(259, 1, 1, 2, 131, 28, 6, 4, 1, 1400, 1600, NULL, '2019-03-11 04:07:10', '2019-03-11 04:09:10'),
(260, 1, 1, 2, 85, 33, 6, 4, 1, 1100, 1200, NULL, '2019-03-11 04:07:10', '2019-03-11 04:08:50'),
(261, 1, 1, 3, 118, 26, 1, 1, 3, 1600, 1800, NULL, '2019-03-14 18:53:19', '2019-03-14 19:00:07'),
(262, 1, 1, 3, 142, 25, 2, 1, 3, 1800, 1970, NULL, '2019-03-14 18:53:19', '2019-03-14 19:00:41'),
(263, 1, 1, 3, 142, 25, 3, 1, 2, 1800, 1930, NULL, '2019-03-14 18:53:19', '2019-03-14 19:00:25'),
(264, 1, 1, 3, 141, 35, 7, 1, 5, 1600, 1770, NULL, '2019-03-14 18:53:19', '2019-03-14 18:56:30'),
(265, 1, 1, 3, 141, 35, 6, 1, 2, 1600, 1730, NULL, '2019-03-14 18:53:19', '2019-03-14 19:01:43'),
(266, 1, 1, 3, 141, 35, 11, 1, 3, 1400, 1600, NULL, '2019-03-14 18:53:19', '2019-03-14 18:58:31'),
(267, 1, 1, 3, 140, 2, 16, 1, 2, 1400, 1570, NULL, '2019-03-14 18:53:19', '2019-03-14 19:02:26'),
(268, 1, 1, 3, 140, 2, 16, 1, 5, 1400, 1570, NULL, '2019-03-14 18:53:19', '2019-03-14 18:55:57'),
(269, 1, 1, 3, 139, 4, 8, 1, 2, 1400, 1500, NULL, '2019-03-14 18:53:19', '2019-03-14 19:02:02'),
(270, 1, 1, 3, 139, 4, 10, 1, 3, 1230, 1330, NULL, '2019-03-14 18:53:19', '2019-03-14 18:57:47'),
(271, 1, 1, 3, 119, 5, 15, 1, 5, 1000, 1130, NULL, '2019-03-14 18:53:19', '2019-03-14 18:55:02'),
(272, 1, 1, 3, 119, 5, 15, 1, 2, 1000, 1170, NULL, '2019-03-14 18:53:19', '2019-03-14 19:01:25'),
(273, 1, 1, 3, 1, 5, 10, 1, 1, 1730, 1900, NULL, '2019-03-14 18:53:19', '2019-03-14 18:59:06'),
(274, 1, 1, 3, 1, 5, 4, 1, 5, 1230, 1360, NULL, '2019-03-14 18:53:19', '2019-03-14 18:55:27'),
(275, 1, 1, 3, 2, 25, 9, 1, 1, 1400, 1570, NULL, '2019-03-14 18:53:19', '2019-03-14 18:59:42'),
(276, 1, 1, 3, 2, 25, 7, 1, 4, 1400, 1530, NULL, '2019-03-14 18:53:19', '2019-03-14 18:57:18'),
(277, 1, 1, 3, 111, 2, 9, 1, 1, 1600, 1730, NULL, '2019-03-14 18:53:19', '2019-03-14 18:57:01'),
(278, 1, 1, 3, 111, 2, 8, 1, 4, 1600, 1730, NULL, '2019-03-14 18:53:19', '2019-03-14 18:54:06'),
(279, 1, 1, 3, 151, 37, 1, 3, 1, 1400, 1500, NULL, '2019-03-14 19:05:54', '2019-03-14 21:15:14'),
(280, 1, 1, 3, 151, 37, 3, 3, 4, 1030, 1130, NULL, '2019-03-14 19:05:54', '2019-03-14 21:14:06'),
(281, 1, 1, 3, 148, 7, 6, 3, 4, 800, 970, NULL, '2019-03-14 19:05:54', '2019-03-14 21:11:56'),
(282, 1, 1, 3, 148, 7, 6, 3, 5, 800, 970, NULL, '2019-03-14 19:05:54', '2019-03-14 21:09:04'),
(283, 1, 1, 3, 150, 7, 5, 3, 5, 1630, 1800, NULL, '2019-03-14 19:05:54', '2019-03-14 21:11:02'),
(284, 1, 1, 3, 150, 7, 6, 3, 4, 1630, 1800, NULL, '2019-03-14 19:05:54', '2019-03-14 21:13:16'),
(285, 1, 1, 3, 150, 7, 5, 3, 3, 1630, 1830, NULL, '2019-03-14 19:05:54', '2019-03-14 21:13:30'),
(286, 1, 1, 3, 149, 11, 8, 3, 6, 1400, 1700, NULL, '2019-03-14 19:05:54', '2019-03-14 19:30:09'),
(287, 1, 1, 3, 147, 10, 11, 3, 1, 1700, 1830, NULL, '2019-03-14 19:05:54', '2019-03-14 19:05:54'),
(288, 1, 1, 3, 147, 10, 3, 3, 2, 1700, 1870, NULL, '2019-03-14 19:05:54', '2019-03-14 21:14:56'),
(289, 1, 1, 3, 145, 5, 12, 3, 3, 1500, 1670, NULL, '2019-03-14 19:05:54', '2019-03-14 21:14:39'),
(290, 1, 1, 3, 145, 5, 4, 3, 5, 1400, 1530, NULL, '2019-03-14 19:05:54', '2019-03-14 21:10:36'),
(291, 1, 1, 3, 146, 2, 16, 3, 5, 1030, 1200, NULL, '2019-03-14 19:05:54', '2019-03-14 21:10:05'),
(292, 1, 1, 3, 146, 2, 16, 3, 2, 1030, 1160, NULL, '2019-03-14 19:05:54', '2019-03-14 21:12:23'),
(293, 1, 1, 3, 144, 1, 7, 3, 4, 1430, 1560, NULL, '2019-03-14 19:05:54', '2019-03-14 21:12:42'),
(294, 1, 1, 3, 144, 1, 2, 3, 2, 1430, 1560, NULL, '2019-03-14 19:05:54', '2019-03-14 21:12:55'),
(295, 1, 1, 8, 118, 26, 1, 1, 3, 1600, 1800, NULL, NULL, NULL),
(296, 1, 1, 8, 142, 25, 2, 1, 3, 1800, 1970, NULL, NULL, NULL),
(297, 1, 1, 8, 142, 25, 3, 1, 2, 1800, 1930, NULL, NULL, NULL),
(298, 1, 1, 8, 141, 35, 7, 1, 5, 1600, 1770, NULL, NULL, NULL),
(299, 1, 1, 8, 141, 35, 6, 1, 2, 1600, 1730, NULL, NULL, NULL),
(300, 1, 1, 8, 141, 35, 11, 1, 3, 1400, 1600, NULL, NULL, NULL),
(301, 1, 1, 8, 140, 2, 16, 1, 2, 1400, 1570, NULL, NULL, NULL),
(302, 1, 1, 8, 140, 2, 16, 1, 5, 1400, 1570, NULL, NULL, NULL),
(303, 1, 1, 8, 139, 4, 8, 1, 2, 1400, 1500, NULL, NULL, NULL),
(304, 1, 1, 8, 139, 4, 10, 1, 3, 1230, 1330, NULL, NULL, NULL),
(305, 1, 1, 8, 119, 5, 15, 1, 5, 1000, 1130, NULL, NULL, NULL),
(306, 1, 1, 8, 119, 5, 15, 1, 2, 1000, 1170, NULL, NULL, NULL),
(307, 1, 1, 8, 1, 5, 10, 1, 1, 1730, 1900, NULL, NULL, NULL),
(308, 1, 1, 8, 1, 5, 4, 1, 5, 1230, 1360, NULL, NULL, NULL),
(309, 1, 1, 8, 2, 25, 9, 1, 1, 1400, 1570, NULL, NULL, NULL),
(310, 1, 1, 8, 2, 25, 7, 1, 4, 1400, 1530, NULL, NULL, NULL),
(311, 1, 1, 8, 111, 2, 9, 1, 1, 1600, 1730, NULL, NULL, NULL),
(312, 1, 1, 8, 111, 2, 8, 1, 4, 1600, 1730, NULL, NULL, NULL),
(313, 1, 1, 8, 151, 37, 1, 3, 1, 1400, 1500, NULL, NULL, NULL),
(314, 1, 1, 8, 151, 37, 3, 3, 4, 1030, 1130, NULL, NULL, NULL),
(315, 1, 1, 8, 148, 7, 6, 3, 4, 800, 970, NULL, NULL, NULL),
(316, 1, 1, 8, 148, 7, 6, 3, 5, 800, 970, NULL, NULL, NULL),
(317, 1, 1, 8, 150, 7, 5, 3, 5, 1630, 1800, NULL, NULL, NULL),
(318, 1, 1, 8, 150, 7, 6, 3, 4, 1630, 1800, NULL, NULL, NULL),
(319, 1, 1, 8, 150, 7, 5, 3, 3, 1630, 1830, NULL, NULL, NULL),
(320, 1, 1, 8, 149, 11, 8, 3, 6, 1400, 1700, NULL, NULL, NULL),
(321, 1, 1, 8, 147, 10, 11, 3, 1, 1700, 1830, NULL, NULL, NULL),
(322, 1, 1, 8, 147, 10, 3, 3, 2, 1700, 1870, NULL, NULL, NULL),
(323, 1, 1, 8, 145, 5, 12, 3, 3, 1500, 1670, NULL, NULL, NULL),
(324, 1, 1, 8, 145, 5, 4, 3, 5, 1400, 1530, NULL, NULL, NULL),
(325, 1, 1, 8, 146, 2, 16, 3, 5, 1030, 1200, NULL, NULL, NULL),
(326, 1, 1, 8, 146, 2, 16, 3, 2, 1030, 1160, NULL, NULL, NULL),
(327, 1, 1, 8, 144, 1, 7, 3, 4, 1430, 1560, NULL, NULL, NULL),
(328, 1, 1, 8, 144, 1, 2, 3, 2, 1430, 1560, NULL, NULL, NULL),
(329, 1, 1, 5, 120, 4, 6, 1, 1, 1200, 1300, NULL, '2019-03-14 21:45:24', '2019-03-14 22:01:07'),
(330, 1, 1, 5, 120, 4, 3, 1, 5, 1030, 1130, NULL, '2019-03-14 21:45:24', '2019-03-14 21:49:47'),
(331, 1, 1, 5, 119, 5, 7, 1, 5, 830, 960, NULL, '2019-03-14 21:45:24', '2019-03-14 21:49:23'),
(332, 1, 1, 5, 119, 5, 13, 1, 1, 1000, 1170, NULL, '2019-03-14 21:45:24', '2019-03-14 21:58:21'),
(333, 1, 1, 5, 127, 26, 1, 1, 3, 1600, 1800, NULL, '2019-03-14 21:45:24', '2019-03-14 21:54:13'),
(334, 1, 1, 5, 157, 22, 8, 1, 6, 800, 1100, NULL, '2019-03-14 21:45:24', '2019-03-14 21:48:36'),
(335, 1, 1, 5, 113, 1, 12, 1, 1, 1530, 1700, NULL, '2019-03-14 21:45:24', '2019-03-14 22:01:25'),
(336, 1, 1, 5, 113, 1, 6, 1, 3, 1400, 1570, NULL, '2019-03-14 21:45:24', '2019-03-14 21:56:35'),
(337, 1, 1, 5, 1, 5, 3, 1, 5, 1230, 1400, NULL, '2019-03-14 21:45:24', '2019-03-14 21:51:05'),
(338, 1, 1, 5, 1, 5, 4, 1, 1, 1730, 1860, NULL, '2019-03-14 21:45:24', '2019-03-14 21:59:53'),
(339, 1, 1, 5, 16, 9, 5, 1, 1, 1400, 1570, NULL, '2019-03-14 21:45:24', '2019-03-14 21:56:48'),
(340, 1, 1, 5, 16, 9, 7, 1, 5, 1400, 1530, NULL, '2019-03-14 21:45:24', '2019-03-14 21:52:30'),
(341, 1, 1, 5, 111, 2, 16, 1, 2, 1530, 1700, NULL, '2019-03-14 21:45:24', '2019-03-14 21:57:14'),
(342, 1, 1, 5, 111, 2, 16, 1, 5, 1530, 1660, NULL, '2019-03-14 21:45:24', '2019-03-14 21:53:26'),
(343, 1, 1, 5, 17, 25, 20, 1, 3, 1800, 1970, NULL, '2019-03-14 21:45:24', '2019-03-14 21:54:00'),
(344, 1, 1, 5, 17, 25, 9, 1, 2, 1800, 1930, NULL, '2019-03-14 21:45:24', '2019-03-14 21:59:33'),
(345, 1, 1, 5, 57, 22, 1, 4, 6, 1300, 1600, NULL, '2019-03-14 22:20:37', '2019-03-14 22:22:42'),
(346, 1, 1, 5, 161, 38, 7, 4, 6, 1600, 1870, NULL, '2019-03-14 22:20:37', '2019-03-14 22:22:27'),
(347, 1, 1, 5, 161, 38, 6, 4, 6, 800, 1030, NULL, '2019-03-14 22:20:37', '2019-03-14 22:21:37'),
(348, 1, 1, 5, 169, 23, 1, 3, 6, 900, 1200, NULL, '2019-03-15 02:51:44', '2019-03-15 02:52:47'),
(349, 1, 1, 5, 170, 23, 7, 3, 6, 1300, 1600, NULL, '2019-03-15 02:51:44', '2019-03-15 02:52:59'),
(350, 1, 1, 5, 168, 8, 14, 3, 4, 1500, 1800, NULL, '2019-03-15 02:51:44', '2019-03-15 02:53:37'),
(351, 1, 1, 5, 167, 40, 6, 3, 2, 1500, 1800, NULL, '2019-03-15 02:51:44', '2019-03-15 02:55:51'),
(352, 1, 1, 5, 166, 39, 14, 3, 3, 1430, 1530, NULL, '2019-03-15 02:51:44', '2019-03-15 02:55:33'),
(353, 1, 1, 5, 166, 39, 6, 3, 2, 1400, 1500, NULL, '2019-03-15 02:51:44', '2019-03-15 02:56:18'),
(354, 1, 1, 5, 164, 6, 13, 3, 1, 1500, 1600, NULL, '2019-03-15 02:51:44', '2019-03-15 02:56:36'),
(355, 1, 1, 5, 164, 6, 3, 3, 3, 1630, 1730, NULL, '2019-03-15 02:51:44', '2019-03-15 02:54:05'),
(356, 1, 1, 5, 165, 1, 3, 3, 1, 1700, 1870, NULL, '2019-03-15 02:51:44', '2019-03-15 02:54:39'),
(357, 1, 1, 5, 165, 1, 4, 3, 4, 1300, 1430, NULL, '2019-03-15 02:51:44', '2019-03-15 02:53:11'),
(358, 1, 1, 5, 163, 5, 5, 3, 1, 1300, 1470, NULL, '2019-03-15 02:51:44', '2019-03-15 02:55:03'),
(359, 1, 1, 5, 163, 5, 8, 3, 3, 1300, 1430, NULL, '2019-03-15 02:51:44', '2019-03-15 02:53:49'),
(391, 1, 1, 3, 184, 6, 1, 5, 4, 1600, 1700, NULL, '2019-03-15 03:50:10', '2019-03-15 03:52:43'),
(390, 1, 1, 3, 171, 39, 4, 4, 4, 900, 1030, NULL, '2019-03-15 03:34:31', '2019-03-15 03:36:11'),
(389, 1, 1, 3, 171, 39, 20, 4, 5, 1400, 1530, NULL, '2019-03-15 03:34:31', '2019-03-15 03:36:25'),
(388, 1, 1, 3, 105, 2, 13, 4, 2, 830, 1000, NULL, '2019-03-15 03:34:31', '2019-03-15 03:38:56'),
(387, 1, 1, 3, 105, 2, 16, 4, 5, 830, 960, NULL, '2019-03-15 03:34:31', '2019-03-15 03:35:20'),
(386, 1, 1, 3, 172, 42, 5, 4, 6, 930, 1230, NULL, '2019-03-15 03:34:31', '2019-03-15 03:35:01'),
(385, 1, 1, 3, 175, 35, 5, 4, 2, 1030, 1160, NULL, '2019-03-15 03:34:31', '2019-03-15 03:39:11'),
(384, 1, 1, 3, 175, 35, 8, 4, 4, 1430, 1560, NULL, '2019-03-15 03:34:31', '2019-03-15 03:37:31'),
(383, 1, 1, 3, 176, 7, 6, 4, 4, 1000, 1170, NULL, '2019-03-15 03:34:31', '2019-03-15 03:36:50'),
(382, 1, 1, 3, 176, 7, 8, 4, 5, 1000, 1130, NULL, '2019-03-15 03:34:31', '2019-03-15 03:35:37'),
(381, 1, 1, 3, 174, 7, 6, 4, 4, 1230, 1400, NULL, '2019-03-15 03:34:31', '2019-03-15 03:37:08'),
(380, 1, 1, 3, 174, 7, 7, 4, 5, 1230, 1360, NULL, '2019-03-15 03:34:31', '2019-03-15 03:35:55'),
(379, 1, 1, 3, 98, 3, 17, 4, 3, 1400, 1530, NULL, '2019-03-15 03:34:31', '2019-03-15 03:38:42'),
(378, 1, 1, 3, 98, 3, 17, 4, 2, 1300, 1430, NULL, '2019-03-15 03:34:31', '2019-03-15 03:39:36'),
(377, 1, 1, 3, 77, 41, 3, 4, 2, 1430, 1530, NULL, '2019-03-15 03:34:31', '2019-03-15 03:38:25'),
(376, 1, 1, 3, 77, 41, 1, 4, 3, 1530, 1630, NULL, '2019-03-15 03:34:31', '2019-03-15 03:38:07'),
(392, 1, 1, 3, 184, 6, 3, 5, 5, 1600, 1700, NULL, '2019-03-15 03:50:10', '2019-03-15 03:52:34'),
(393, 1, 1, 3, 182, 27, 2, 5, 6, 930, 1230, NULL, '2019-03-15 03:50:10', '2019-03-15 03:51:34'),
(394, 1, 1, 3, 183, 27, 14, 5, 6, 1330, 1930, NULL, '2019-03-15 03:50:10', '2019-03-15 03:54:33'),
(395, 1, 1, 3, 181, 10, 6, 5, 4, 1730, 1900, NULL, '2019-03-15 03:50:10', '2019-03-15 03:53:06'),
(396, 1, 1, 3, 181, 10, 5, 5, 5, 1700, 1830, NULL, '2019-03-15 03:50:10', '2019-03-15 03:52:55'),
(397, 1, 1, 3, 179, 11, 5, 5, 7, 1500, 1800, NULL, '2019-03-15 03:50:10', '2019-03-15 03:50:58'),
(398, 1, 1, 3, 180, 11, 6, 5, 6, 730, 830, NULL, '2019-03-15 03:50:10', '2019-03-15 03:52:13'),
(399, 1, 1, 3, 180, 11, 12, 5, 7, 1400, 1500, NULL, '2019-03-15 03:50:10', '2019-03-15 03:50:46'),
(419, 1, 1, 8, 171, 39, 3, 4, 5, 1600, 1700, NULL, '2019-03-15 04:27:20', '2019-03-15 04:28:26'),
(418, 1, 1, 8, 172, 42, 14, 4, 6, 1400, 1700, NULL, '2019-03-15 04:27:20', '2019-03-15 04:27:47'),
(417, 1, 1, 8, 179, 11, 8, 4, 6, 1000, 1300, NULL, '2019-03-15 04:27:20', '2019-03-15 04:27:35'),
(416, 1, 1, 8, 175, 35, 6, 4, 4, 1230, 1360, NULL, '2019-03-15 04:27:20', '2019-03-15 04:29:37'),
(415, 1, 1, 8, 175, 35, 7, 4, 3, 1230, 1400, NULL, '2019-03-15 04:27:20', '2019-03-15 04:30:17'),
(414, 1, 1, 8, 183, 27, 4, 4, 3, 1400, 1600, NULL, '2019-03-15 04:27:20', '2019-03-15 04:29:17'),
(413, 1, 1, 8, 183, 27, 6, 4, 4, 1400, 1570, NULL, '2019-03-15 04:27:20', '2019-03-15 04:28:44'),
(412, 1, 1, 8, 183, 27, 1, 4, 5, 1400, 1570, NULL, '2019-03-15 04:27:20', '2019-03-15 04:28:01'),
(411, 1, 1, 8, 77, 41, 3, 4, 4, 1600, 1700, NULL, '2019-03-15 04:27:20', '2019-03-15 04:30:05'),
(410, 1, 1, 8, 77, 41, 1, 4, 3, 1600, 1700, NULL, '2019-03-15 04:27:20', '2019-03-15 04:30:29'),
(420, 1, 1, 8, 171, 39, 8, 4, 4, 900, 1000, NULL, '2019-03-15 04:27:20', '2019-03-15 04:28:15');

-- --------------------------------------------------------

--
-- Table structure for table `teachers`
--

DROP TABLE IF EXISTS `teachers`;
CREATE TABLE IF NOT EXISTS `teachers` (
  `id` bigint(20) UNSIGNED NOT NULL AUTO_INCREMENT,
  `first_name` varchar(191) COLLATE utf8mb4_unicode_ci NOT NULL,
  `last_name` varchar(191) COLLATE utf8mb4_unicode_ci NOT NULL,
  `address` varchar(191) COLLATE utf8mb4_unicode_ci DEFAULT NULL,
  `contact_number` varchar(191) COLLATE utf8mb4_unicode_ci NOT NULL,
  `email` varchar(191) COLLATE utf8mb4_unicode_ci NOT NULL,
  `deleted_at` timestamp NULL DEFAULT NULL,
  `created_at` timestamp NULL DEFAULT NULL,
  `updated_at` timestamp NULL DEFAULT NULL,
  PRIMARY KEY (`id`)
) ENGINE=MyISAM AUTO_INCREMENT=44 DEFAULT CHARSET=utf8mb4 COLLATE=utf8mb4_unicode_ci;

--
-- Dumping data for table `teachers`
--

INSERT INTO `teachers` (`id`, `first_name`, `last_name`, `address`, `contact_number`, `email`, `deleted_at`, `created_at`, `updated_at`) VALUES
(1, 'John', 'Orbista', '123,abc', '09876543211', 'test23@gmail.com', NULL, '2019-03-10 02:11:44', '2019-03-10 02:11:44'),
(2, 'MaryAnn', 'Cruz', '123,abc', '09876543211', 'test24@gmail.com', NULL, '2019-03-10 02:11:44', '2019-03-10 02:11:44'),
(3, 'Sharene', 'Labung', '123,abc', '09876543211', 'test25@gmail.com', NULL, '2019-03-10 02:11:44', '2019-03-10 02:11:44'),
(4, 'Gilbert', 'Fruel', '123,abc', '09876543211', 'test26@gmail.com', NULL, '2019-03-10 02:11:44', '2019-03-10 02:11:44'),
(5, 'Richard', 'Javier', '123,abc', '09876543211', 'test1@gmail.com', NULL, '2019-03-10 02:11:44', '2019-03-10 02:11:44'),
(6, 'Julito', 'Varquez', '123,abc', '09876543211', 'test2@gmail.com', NULL, '2019-03-10 02:11:44', '2019-03-10 02:11:44'),
(7, 'Erlinda', 'Mallari', '123,abc', '09876543211', 'test3@gmail.com', NULL, '2019-03-10 02:11:44', '2019-03-10 02:11:44'),
(8, 'Lito', 'Bueno', '123,abc', '09876543211', 'test4@gmail.com', NULL, '2019-03-10 02:11:44', '2019-03-10 02:11:44'),
(9, 'Ammi', 'Pineda', '123,abc', '09876543211', 'test5@gmail.com', NULL, '2019-03-10 02:11:44', '2019-03-10 02:11:44'),
(10, 'Atty.Lamberto', 'Bonifacio', '123,abc', '09876543211', 'test6@gmail.com', NULL, '2019-03-10 02:11:44', '2019-03-10 02:11:44'),
(11, 'Rosemarie', 'Dimaranan', '123,abc', '09876543211', 'test7@gmail.com', NULL, '2019-03-10 02:11:44', '2019-03-10 02:11:44'),
(12, 'Albert', 'Soriano', '123,abc', '09876543211', 'test8@gmail.com', NULL, '2019-03-10 02:11:44', '2019-03-10 02:11:44'),
(13, 'Jennifer', 'Aguilar', '123,abc', '09876543211', 'test9@gmail.com', NULL, '2019-03-10 02:11:44', '2019-03-10 02:11:44'),
(14, 'Loyd', 'Larazo', '123,abc', '09876543211', 'test10@gmail.com', NULL, '2019-03-10 02:11:44', '2019-03-10 02:11:44'),
(15, 'Christian', 'Gutierrez', '123,abc', '09876543211', 'test11@gmail.com', NULL, '2019-03-10 02:11:44', '2019-03-10 02:11:44'),
(16, 'JeanneMarie', 'Kaikhan', '123,abc', '09876543211', 'test12@gmail.com', NULL, '2019-03-10 02:11:44', '2019-03-10 02:11:44'),
(17, 'Edyssa', 'Belandres', '123,abc', '09876543211', 'test13@gmail.com', NULL, '2019-03-10 02:11:44', '2019-03-10 02:11:44'),
(18, 'Rey', 'AustriaJr.', '123,abc', '09876543211', 'test14@gmail.com', NULL, '2019-03-10 02:11:44', '2019-03-10 02:11:44'),
(19, 'Joel', 'Regino', '123,abc', '09876543211', 'test15@gmail.com', NULL, '2019-03-10 02:11:44', '2019-03-10 02:11:44'),
(20, 'VeraAisa', 'Marin', '123,abc', '09876543211', 'test16@gmail.com', NULL, '2019-03-10 02:11:44', '2019-03-10 02:11:44'),
(21, 'Leah', 'Campanilla', '123,abc', '09876543211', 'test17@gmail.com', NULL, '2019-03-10 02:11:44', '2019-03-10 02:11:44'),
(22, 'Raquel', 'Umbalin', '123,abc', '09876543211', 'test18@gmail.com', NULL, '2019-03-10 02:11:44', '2019-03-10 02:11:44'),
(23, 'George', 'deMesa', '123,abc', '09876543211', 'test19@gmail.com', NULL, '2019-03-10 02:11:44', '2019-03-10 02:11:44'),
(24, 'Marissa', 'Donida', '123,abc', '09876543211', 'test20@gmail.com', NULL, '2019-03-10 02:11:44', '2019-03-10 02:11:44'),
(25, 'Marben', 'Adova', '123,abc', '09876543211', 'test21@gmail.com', NULL, '2019-03-10 02:11:44', '2019-03-10 02:11:44'),
(26, 'Kesiah', 'Cruz', '123,abc', '09876543211', 'test22@gmail.com', NULL, '2019-03-10 02:11:44', '2019-03-10 02:11:44'),
(27, 'Eric', 'Yumul', '123,abc', '09876543211', 'test22@gmail.com', NULL, '2019-03-10 02:11:44', '2019-03-10 02:11:44'),
(28, 'Carolinne', 'Laguinto', '123,abc', '09876543211', 'test22@gmail.com', NULL, '2019-03-10 02:11:44', '2019-03-10 02:11:44'),
(29, 'Romack', 'Natividad', '123,abc', '09876543211', 'test22@gmail.com', NULL, '2019-03-10 02:11:44', '2019-03-10 02:11:44'),
(30, 'Isaiah', 'Martinez', '123,abc', '09876543211', 'test22@gmail.com', NULL, '2019-03-10 02:11:44', '2019-03-10 02:11:44'),
(31, 'Pablo', 'Buan', '123,abc', '09876543211', 'test@gmail.com', NULL, '2019-03-10 16:27:36', '2019-03-10 16:27:36'),
(32, 'Jerreck', 'Navalta', 'abc,123', '09876543211', 'test@gmail.com', NULL, '2019-03-10 20:46:13', '2019-03-10 20:46:13'),
(33, 'PeterPaul', 'Matola', '123,abc', '09876543211', 'test@gmail.com', NULL, '2019-03-11 03:16:29', '2019-03-11 03:16:29'),
(34, 'Jennifer', 'Sanidad', '123,abc', '09876543211', 'test@gmail.com', NULL, '2019-03-11 03:17:38', '2019-03-11 03:17:38'),
(35, 'Kristine', 'Jimenez', NULL, '09876543211', 'test@gmail.com', NULL, '2019-03-12 16:00:08', '2019-03-12 16:00:08'),
(36, 'Ivy', 'Garcia', '123,abc', '09876543211', 'test@gmail.com', NULL, '2019-03-12 16:00:35', '2019-03-12 16:00:35'),
(37, 'Rommel', 'Alba', '123,abc', '0987654321', 'test@gmail.com', NULL, '2019-03-14 18:48:09', '2019-03-14 18:48:09'),
(38, 'Annabelle', 'Bercasio', NULL, '09876543211', 'test@gmail.com', NULL, '2019-03-14 22:15:19', '2019-03-14 22:15:19'),
(39, 'Fatima', 'Magtalas', '911, apalit, pampanga', '09876543211', 'test@gmail.com', NULL, '2019-03-14 23:15:26', '2019-03-14 23:15:26'),
(40, 'Lea', 'Solis', '123,abc', '09876543211', 'test@gmail.com', NULL, '2019-03-14 23:19:04', '2019-03-14 23:19:04'),
(41, 'AbigailLav', 'Ganadores', '123,abc', '09876543211', 'test@gmail.com', NULL, '2019-03-15 03:16:38', '2019-03-15 03:16:38'),
(42, 'Jay', 'Bermias', '123,abc', '09876543211', 'test@gmail.com', NULL, '2019-03-15 03:22:00', '2019-03-15 03:22:00'),
(43, 'Friesly', 'Perlas', '123,abc', '09876543211', 'test@gmail.com', NULL, '2019-03-15 04:11:44', '2019-03-15 04:11:44');

-- --------------------------------------------------------

--
-- Table structure for table `teacher_courses`
--

DROP TABLE IF EXISTS `teacher_courses`;
CREATE TABLE IF NOT EXISTS `teacher_courses` (
  `id` bigint(20) UNSIGNED NOT NULL AUTO_INCREMENT,
  `teacher_id` bigint(20) UNSIGNED DEFAULT NULL,
  `course_id` bigint(20) UNSIGNED DEFAULT NULL,
  `deleted_at` timestamp NULL DEFAULT NULL,
  `created_at` timestamp NULL DEFAULT NULL,
  `updated_at` timestamp NULL DEFAULT NULL,
  PRIMARY KEY (`id`),
  KEY `teacher_courses_teacher_id_foreign` (`teacher_id`),
  KEY `teacher_courses_course_id_foreign` (`course_id`)
) ENGINE=MyISAM DEFAULT CHARSET=utf8mb4 COLLATE=utf8mb4_unicode_ci;

-- --------------------------------------------------------

--
-- Table structure for table `users`
--

DROP TABLE IF EXISTS `users`;
CREATE TABLE IF NOT EXISTS `users` (
  `id` int(10) UNSIGNED NOT NULL AUTO_INCREMENT,
  `name` varchar(191) COLLATE utf8mb4_unicode_ci NOT NULL,
  `email` varchar(191) COLLATE utf8mb4_unicode_ci NOT NULL,
  `access_level` int(11) NOT NULL,
  `password` varchar(191) COLLATE utf8mb4_unicode_ci NOT NULL,
  `remember_token` varchar(100) COLLATE utf8mb4_unicode_ci DEFAULT NULL,
  `created_at` timestamp NULL DEFAULT NULL,
  `updated_at` timestamp NULL DEFAULT NULL,
  PRIMARY KEY (`id`),
  UNIQUE KEY `users_email_unique` (`email`)
) ENGINE=MyISAM AUTO_INCREMENT=4 DEFAULT CHARSET=utf8mb4 COLLATE=utf8mb4_unicode_ci;

--
-- Dumping data for table `users`
--

INSERT INTO `users` (`id`, `name`, `email`, `access_level`, `password`, `remember_token`, `created_at`, `updated_at`) VALUES
(1, 'john doe', 'angularjohn@gmail.com', 1, '$2y$10$9tqGw.C8/6QKlxK0JM4Tt.OT9lvfyBNpBpJSnlmtuiMAUTb.PWSe6', NULL, '2019-03-10 02:02:25', NULL),
(2, 'jane doe', 'jane@gmail.com', 2, '$2y$10$kxXiAFnAI7sKrSZg33Uxr.O8PhpLrFlXjWaYXf6sgmuo4bqb4PBEW', NULL, '2019-03-10 02:02:25', NULL),
(3, '2019-03-10 10:02:25', 'james@gmail.com', 3, '$2y$10$XL3qHhPSFrRh6sBSmLZzrObaSxkE7VCf9wnfUaQbLvX/VP1an66ZC', NULL, NULL, NULL);
COMMIT;

/*!40101 SET CHARACTER_SET_CLIENT=@OLD_CHARACTER_SET_CLIENT */;
/*!40101 SET CHARACTER_SET_RESULTS=@OLD_CHARACTER_SET_RESULTS */;
/*!40101 SET COLLATION_CONNECTION=@OLD_COLLATION_CONNECTION */;
